,VAR_NAME,MIN_VALUE,MAX_VALUE,COUNT,EVENT,EVENT_RATE,NONEVENT,NON_EVENT_RATE,DIST_EVENT,DIST_NON_EVENT,WOE,IV
0,gender,Female,Female,176,44,0.25,132,0.75,0.44,0.66,-0.40546510810816444,0.19898038032997356
1,gender,Male,Male,124,56,0.45161290322580644,68,0.5483870967741935,0.56,0.34,0.4989911661189879,0.19898038032997356
2,Age Group,40-50,40-50,10,4,0.4,6,0.6,0.04,0.03,0.287682072451781,0.03861246006318619
3,Age Group,51-60,51-60,37,14,0.3783783783783784,23,0.6216216216216216,0.14,0.115,0.1967102942460543,0.03861246006318619
4,Age Group,61-70,61-70,93,35,0.3763440860215054,58,0.6236559139784946,0.35,0.29,0.18805223150293962,0.03861246006318619
5,Age Group,71-80,71-80,116,35,0.3017241379310345,81,0.6982758620689655,0.35,0.405,-0.14595391262307997,0.03861246006318619
6,Age Group,81 and Above,81 and Above,44,12,0.2727272727272727,32,0.7272727272727273,0.12,0.16,-0.2876820724517809,0.03861246006318619
7,CKD(t=0),1.0,1.0,17,8,0.47058823529411764,9,0.5294117647058824,0.08,0.045,0.5753641449035619,0.366781687289173
8,CKD(t=0),2.0,2.0,71,31,0.43661971830985913,40,0.5633802816901409,0.31,0.2,0.43825493093115514,0.366781687289173
9,CKD(t=0),3.0,3.0,85,32,0.3764705882352941,53,0.6235294117647059,0.32,0.265,0.18859116980754997,0.366781687289173
10,CKD(t=0),3.5,3.5,100,16,0.16,84,0.84,0.16,0.42,-0.9650808960435869,0.366781687289173
11,CKD(t=0),4.0,4.0,27,13,0.48148148148148145,14,0.5185185185185185,0.13,0.07,0.6190392084062234,0.366781687289173
12,Dieabetes(t=0),0,0,196,70,0.35714285714285715,126,0.6428571428571429,0.7,0.63,0.10536051565782614,0.022055673264792665
13,Dieabetes(t=0),1,1,104,30,0.28846153846153844,74,0.7115384615384616,0.3,0.37,-0.20972053098206914,0.022055673264792665
14,Cholestrol(t=0),0,0,201,71,0.35323383084577115,130,0.6467661691542289,0.71,0.65,0.08829260714567821,0.016580690318917072
15,Cholestrol(t=0),1,1,99,29,0.29292929292929293,70,0.7070707070707071,0.29,0.35,-0.18805223150293973,0.016580690318917072
16,Hyper Tension(t=0),0,0,191,68,0.35602094240837695,123,0.643979057591623,0.68,0.615,0.10047053036363453,0.018550536475747035
17,Hyper Tension(t=0),1,1,109,32,0.29357798165137616,77,0.7064220183486238,0.32,0.385,-0.18492233849401207,0.018550536475747035
18,Hemoglobin(t=0),0,0,235,69,0.2936170212765957,166,0.7063829787234043,0.69,0.83,-0.18473410319933853,0.1099711149079576
19,Hemoglobin(t=0),1,1,65,31,0.47692307692307695,34,0.5230769230769231,0.31,0.17,0.6007738604289301,0.1099711149079576
20,Glucose_delta,10.0-10.0,10.0-10.0,3,2,0.6666666666666666,1,0.3333333333333333,0.02,0.005,1.3862943611198906,0.4646933174667424
21,Glucose_delta,10.0-5.0,10.0-5.0,1,0,0.0,1,1.0,0.0,0.005,0.0,0.4646933174667424
22,Glucose_delta,10.0-8.0,10.0-8.0,4,0,0.0,4,1.0,0.0,0.02,0.0,0.4646933174667424
23,Glucose_delta,10.0-9.0,10.0-9.0,1,0,0.0,1,1.0,0.0,0.005,0.0,0.4646933174667424
24,Glucose_delta,11.0-12.0,11.0-12.0,1,1,1.0,0,0.0,0.01,0.0,0.0,0.4646933174667424
25,Glucose_delta,11.0-6.0,11.0-6.0,1,0,0.0,1,1.0,0.0,0.005,0.0,0.4646933174667424
26,Glucose_delta,11.0-7.0,11.0-7.0,1,0,0.0,1,1.0,0.0,0.005,0.0,0.4646933174667424
27,Glucose_delta,11.0-8.0,11.0-8.0,1,0,0.0,1,1.0,0.0,0.005,0.0,0.4646933174667424
28,Glucose_delta,12.0-10.0,12.0-10.0,1,1,1.0,0,0.0,0.01,0.0,0.0,0.4646933174667424
29,Glucose_delta,13.0-5.0,13.0-5.0,1,0,0.0,1,1.0,0.0,0.005,0.0,0.4646933174667424
30,Glucose_delta,14.0-13.0,14.0-13.0,1,0,0.0,1,1.0,0.0,0.005,0.0,0.4646933174667424
31,Glucose_delta,15.0-16.0,15.0-16.0,1,1,1.0,0,0.0,0.01,0.0,0.0,0.4646933174667424
32,Glucose_delta,4.0-4.0,4.0-4.0,1,0,0.0,1,1.0,0.0,0.005,0.0,0.4646933174667424
33,Glucose_delta,4.0-5.0,4.0-5.0,2,1,0.5,1,0.5,0.01,0.005,0.6931471805599453,0.4646933174667424
34,Glucose_delta,4.0-7.0,4.0-7.0,1,1,1.0,0,0.0,0.01,0.0,0.0,0.4646933174667424
35,Glucose_delta,5.0-4.0,5.0-4.0,6,3,0.5,3,0.5,0.03,0.015,0.6931471805599453,0.4646933174667424
36,Glucose_delta,5.0-5.0,5.0-5.0,26,5,0.19230769230769232,21,0.8076923076923077,0.05,0.105,-0.7419373447293772,0.4646933174667424
37,Glucose_delta,5.0-6.0,5.0-6.0,19,5,0.2631578947368421,14,0.7368421052631579,0.05,0.07,-0.3364722366212129,0.4646933174667424
38,Glucose_delta,5.0-7.0,5.0-7.0,3,3,1.0,0,0.0,0.03,0.0,0.0,0.4646933174667424
39,Glucose_delta,6.0-10.0,6.0-10.0,1,1,1.0,0,0.0,0.01,0.0,0.0,0.4646933174667424
40,Glucose_delta,6.0-4.0,6.0-4.0,1,0,0.0,1,1.0,0.0,0.005,0.0,0.4646933174667424
41,Glucose_delta,6.0-5.0,6.0-5.0,16,3,0.1875,13,0.8125,0.03,0.065,-0.7731898882334818,0.4646933174667424
42,Glucose_delta,6.0-6.0,6.0-6.0,47,18,0.3829787234042553,29,0.6170212765957447,0.18,0.145,0.216223108469636,0.4646933174667424
43,Glucose_delta,6.0-7.0,6.0-7.0,20,8,0.4,12,0.6,0.08,0.06,0.287682072451781,0.4646933174667424
44,Glucose_delta,6.0-8.0,6.0-8.0,4,3,0.75,1,0.25,0.03,0.005,1.791759469228055,0.4646933174667424
45,Glucose_delta,6.0-9.0,6.0-9.0,1,1,1.0,0,0.0,0.01,0.0,0.0,0.4646933174667424
46,Glucose_delta,7.0-10.0,7.0-10.0,2,2,1.0,0,0.0,0.02,0.0,0.0,0.4646933174667424
47,Glucose_delta,7.0-12.0,7.0-12.0,1,1,1.0,0,0.0,0.01,0.0,0.0,0.4646933174667424
48,Glucose_delta,7.0-5.0,7.0-5.0,8,1,0.125,7,0.875,0.01,0.035,-1.252762968495368,0.4646933174667424
49,Glucose_delta,7.0-6.0,7.0-6.0,21,6,0.2857142857142857,15,0.7142857142857143,0.06,0.075,-0.2231435513142097,0.4646933174667424
50,Glucose_delta,7.0-7.0,7.0-7.0,24,10,0.4166666666666667,14,0.5833333333333334,0.1,0.07,0.3566749439387324,0.4646933174667424
51,Glucose_delta,7.0-8.0,7.0-8.0,15,10,0.6666666666666666,5,0.3333333333333333,0.1,0.025,1.3862943611198906,0.4646933174667424
52,Glucose_delta,8.0-10.0,8.0-10.0,4,2,0.5,2,0.5,0.02,0.01,0.6931471805599453,0.4646933174667424
53,Glucose_delta,8.0-12.0,8.0-12.0,1,1,1.0,0,0.0,0.01,0.0,0.0,0.4646933174667424
54,Glucose_delta,8.0-5.0,8.0-5.0,1,0,0.0,1,1.0,0.0,0.005,0.0,0.4646933174667424
55,Glucose_delta,8.0-6.0,8.0-6.0,9,0,0.0,9,1.0,0.0,0.045,0.0,0.4646933174667424
56,Glucose_delta,8.0-7.0,8.0-7.0,13,1,0.07692307692307693,12,0.9230769230769231,0.01,0.06,-1.791759469228055,0.4646933174667424
57,Glucose_delta,8.0-8.0,8.0-8.0,14,2,0.14285714285714285,12,0.8571428571428571,0.02,0.06,-1.0986122886681096,0.4646933174667424
58,Glucose_delta,8.0-9.0,8.0-9.0,7,3,0.42857142857142855,4,0.5714285714285714,0.03,0.02,0.4054651081081644,0.4646933174667424
59,Glucose_delta,9.0-10.0,9.0-10.0,2,0,0.0,2,1.0,0.0,0.01,0.0,0.4646933174667424
60,Glucose_delta,9.0-11.0,9.0-11.0,2,2,1.0,0,0.0,0.02,0.0,0.0,0.4646933174667424
61,Glucose_delta,9.0-5.0,9.0-5.0,2,0,0.0,2,1.0,0.0,0.01,0.0,0.4646933174667424
62,Glucose_delta,9.0-6.0,9.0-6.0,2,0,0.0,2,1.0,0.0,0.01,0.0,0.4646933174667424
63,Glucose_delta,9.0-7.0,9.0-7.0,2,0,0.0,2,1.0,0.0,0.01,0.0,0.4646933174667424
64,Glucose_delta,9.0-8.0,9.0-8.0,3,1,0.3333333333333333,2,0.6666666666666666,0.01,0.01,0.0,0.4646933174667424
65,Glucose_delta,9.0-9.0,9.0-9.0,2,1,0.5,1,0.5,0.01,0.005,0.6931471805599453,0.4646933174667424
66,SBP_delta,102.0-101.0,102.0-101.0,1,1,1.0,0,0.0,0.01,0.0,0.0,0.03119162312519754
67,SBP_delta,102.0-113.0,102.0-113.0,1,0,0.0,1,1.0,0.0,0.005,0.0,0.03119162312519754
68,SBP_delta,103.0-112.0,103.0-112.0,1,1,1.0,0,0.0,0.01,0.0,0.0,0.03119162312519754
69,SBP_delta,104.0-113.0,104.0-113.0,1,0,0.0,1,1.0,0.0,0.005,0.0,0.03119162312519754
70,SBP_delta,104.0-116.0,104.0-116.0,1,1,1.0,0,0.0,0.01,0.0,0.0,0.03119162312519754
71,SBP_delta,104.0-93.0,104.0-93.0,1,0,0.0,1,1.0,0.0,0.005,0.0,0.03119162312519754
72,SBP_delta,106.0-115.0,106.0-115.0,1,1,1.0,0,0.0,0.01,0.0,0.0,0.03119162312519754
73,SBP_delta,106.0-123.0,106.0-123.0,1,1,1.0,0,0.0,0.01,0.0,0.0,0.03119162312519754
74,SBP_delta,107.0-104.0,107.0-104.0,1,1,1.0,0,0.0,0.01,0.0,0.0,0.03119162312519754
75,SBP_delta,108.0-103.0,108.0-103.0,1,0,0.0,1,1.0,0.0,0.005,0.0,0.03119162312519754
76,SBP_delta,109.0-123.0,109.0-123.0,1,1,1.0,0,0.0,0.01,0.0,0.0,0.03119162312519754
77,SBP_delta,109.0-141.0,109.0-141.0,1,1,1.0,0,0.0,0.01,0.0,0.0,0.03119162312519754
78,SBP_delta,110.0-121.0,110.0-121.0,1,1,1.0,0,0.0,0.01,0.0,0.0,0.03119162312519754
79,SBP_delta,110.0-133.0,110.0-133.0,2,1,0.5,1,0.5,0.01,0.005,0.6931471805599453,0.03119162312519754
80,SBP_delta,111.0-111.0,111.0-111.0,1,0,0.0,1,1.0,0.0,0.005,0.0,0.03119162312519754
81,SBP_delta,111.0-117.0,111.0-117.0,1,1,1.0,0,0.0,0.01,0.0,0.0,0.03119162312519754
82,SBP_delta,111.0-139.0,111.0-139.0,1,1,1.0,0,0.0,0.01,0.0,0.0,0.03119162312519754
83,SBP_delta,112.0-105.0,112.0-105.0,1,1,1.0,0,0.0,0.01,0.0,0.0,0.03119162312519754
84,SBP_delta,112.0-120.0,112.0-120.0,1,0,0.0,1,1.0,0.0,0.005,0.0,0.03119162312519754
85,SBP_delta,112.0-127.0,112.0-127.0,1,0,0.0,1,1.0,0.0,0.005,0.0,0.03119162312519754
86,SBP_delta,113.0-106.0,113.0-106.0,1,0,0.0,1,1.0,0.0,0.005,0.0,0.03119162312519754
87,SBP_delta,113.0-111.0,113.0-111.0,1,0,0.0,1,1.0,0.0,0.005,0.0,0.03119162312519754
88,SBP_delta,113.0-119.0,113.0-119.0,1,0,0.0,1,1.0,0.0,0.005,0.0,0.03119162312519754
89,SBP_delta,113.0-122.0,113.0-122.0,1,0,0.0,1,1.0,0.0,0.005,0.0,0.03119162312519754
90,SBP_delta,113.0-136.0,113.0-136.0,1,1,1.0,0,0.0,0.01,0.0,0.0,0.03119162312519754
91,SBP_delta,114.0-126.0,114.0-126.0,1,0,0.0,1,1.0,0.0,0.005,0.0,0.03119162312519754
92,SBP_delta,115.0-119.0,115.0-119.0,1,0,0.0,1,1.0,0.0,0.005,0.0,0.03119162312519754
93,SBP_delta,115.0-135.0,115.0-135.0,1,1,1.0,0,0.0,0.01,0.0,0.0,0.03119162312519754
94,SBP_delta,115.0-141.0,115.0-141.0,1,1,1.0,0,0.0,0.01,0.0,0.0,0.03119162312519754
95,SBP_delta,116.0-110.0,116.0-110.0,1,0,0.0,1,1.0,0.0,0.005,0.0,0.03119162312519754
96,SBP_delta,116.0-114.0,116.0-114.0,1,0,0.0,1,1.0,0.0,0.005,0.0,0.03119162312519754
97,SBP_delta,116.0-117.0,116.0-117.0,1,1,1.0,0,0.0,0.01,0.0,0.0,0.03119162312519754
98,SBP_delta,116.0-121.0,116.0-121.0,1,1,1.0,0,0.0,0.01,0.0,0.0,0.03119162312519754
99,SBP_delta,116.0-124.0,116.0-124.0,1,0,0.0,1,1.0,0.0,0.005,0.0,0.03119162312519754
100,SBP_delta,116.0-135.0,116.0-135.0,1,1,1.0,0,0.0,0.01,0.0,0.0,0.03119162312519754
101,SBP_delta,116.0-140.0,116.0-140.0,1,1,1.0,0,0.0,0.01,0.0,0.0,0.03119162312519754
102,SBP_delta,117.0-121.0,117.0-121.0,1,1,1.0,0,0.0,0.01,0.0,0.0,0.03119162312519754
103,SBP_delta,117.0-129.0,117.0-129.0,1,1,1.0,0,0.0,0.01,0.0,0.0,0.03119162312519754
104,SBP_delta,118.0-114.0,118.0-114.0,1,0,0.0,1,1.0,0.0,0.005,0.0,0.03119162312519754
105,SBP_delta,118.0-125.0,118.0-125.0,1,1,1.0,0,0.0,0.01,0.0,0.0,0.03119162312519754
106,SBP_delta,118.0-129.0,118.0-129.0,2,1,0.5,1,0.5,0.01,0.005,0.6931471805599453,0.03119162312519754
107,SBP_delta,118.0-135.0,118.0-135.0,1,0,0.0,1,1.0,0.0,0.005,0.0,0.03119162312519754
108,SBP_delta,119.0-120.0,119.0-120.0,1,1,1.0,0,0.0,0.01,0.0,0.0,0.03119162312519754
109,SBP_delta,120.0-118.0,120.0-118.0,1,0,0.0,1,1.0,0.0,0.005,0.0,0.03119162312519754
110,SBP_delta,120.0-123.0,120.0-123.0,1,0,0.0,1,1.0,0.0,0.005,0.0,0.03119162312519754
111,SBP_delta,120.0-130.0,120.0-130.0,1,1,1.0,0,0.0,0.01,0.0,0.0,0.03119162312519754
112,SBP_delta,120.0-159.0,120.0-159.0,1,1,1.0,0,0.0,0.01,0.0,0.0,0.03119162312519754
113,SBP_delta,121.0-117.0,121.0-117.0,1,1,1.0,0,0.0,0.01,0.0,0.0,0.03119162312519754
114,SBP_delta,121.0-120.0,121.0-120.0,1,0,0.0,1,1.0,0.0,0.005,0.0,0.03119162312519754
115,SBP_delta,121.0-124.0,121.0-124.0,1,0,0.0,1,1.0,0.0,0.005,0.0,0.03119162312519754
116,SBP_delta,121.0-141.0,121.0-141.0,1,0,0.0,1,1.0,0.0,0.005,0.0,0.03119162312519754
117,SBP_delta,121.0-155.0,121.0-155.0,1,1,1.0,0,0.0,0.01,0.0,0.0,0.03119162312519754
118,SBP_delta,122.0-118.0,122.0-118.0,1,1,1.0,0,0.0,0.01,0.0,0.0,0.03119162312519754
119,SBP_delta,122.0-121.0,122.0-121.0,1,0,0.0,1,1.0,0.0,0.005,0.0,0.03119162312519754
120,SBP_delta,122.0-124.0,122.0-124.0,1,0,0.0,1,1.0,0.0,0.005,0.0,0.03119162312519754
121,SBP_delta,122.0-129.0,122.0-129.0,1,0,0.0,1,1.0,0.0,0.005,0.0,0.03119162312519754
122,SBP_delta,122.0-131.0,122.0-131.0,1,0,0.0,1,1.0,0.0,0.005,0.0,0.03119162312519754
123,SBP_delta,122.0-132.0,122.0-132.0,1,0,0.0,1,1.0,0.0,0.005,0.0,0.03119162312519754
124,SBP_delta,122.0-134.0,122.0-134.0,1,0,0.0,1,1.0,0.0,0.005,0.0,0.03119162312519754
125,SBP_delta,122.0-142.0,122.0-142.0,1,0,0.0,1,1.0,0.0,0.005,0.0,0.03119162312519754
126,SBP_delta,123.0-126.0,123.0-126.0,1,0,0.0,1,1.0,0.0,0.005,0.0,0.03119162312519754
127,SBP_delta,123.0-127.0,123.0-127.0,1,0,0.0,1,1.0,0.0,0.005,0.0,0.03119162312519754
128,SBP_delta,123.0-130.0,123.0-130.0,1,0,0.0,1,1.0,0.0,0.005,0.0,0.03119162312519754
129,SBP_delta,123.0-131.0,123.0-131.0,1,0,0.0,1,1.0,0.0,0.005,0.0,0.03119162312519754
130,SBP_delta,123.0-135.0,123.0-135.0,1,1,1.0,0,0.0,0.01,0.0,0.0,0.03119162312519754
131,SBP_delta,123.0-146.0,123.0-146.0,1,1,1.0,0,0.0,0.01,0.0,0.0,0.03119162312519754
132,SBP_delta,124.0-105.0,124.0-105.0,1,0,0.0,1,1.0,0.0,0.005,0.0,0.03119162312519754
133,SBP_delta,124.0-129.0,124.0-129.0,1,0,0.0,1,1.0,0.0,0.005,0.0,0.03119162312519754
134,SBP_delta,124.0-142.0,124.0-142.0,1,1,1.0,0,0.0,0.01,0.0,0.0,0.03119162312519754
135,SBP_delta,124.0-148.0,124.0-148.0,1,1,1.0,0,0.0,0.01,0.0,0.0,0.03119162312519754
136,SBP_delta,125.0-114.0,125.0-114.0,1,0,0.0,1,1.0,0.0,0.005,0.0,0.03119162312519754
137,SBP_delta,125.0-118.0,125.0-118.0,1,0,0.0,1,1.0,0.0,0.005,0.0,0.03119162312519754
138,SBP_delta,125.0-128.0,125.0-128.0,1,1,1.0,0,0.0,0.01,0.0,0.0,0.03119162312519754
139,SBP_delta,125.0-132.0,125.0-132.0,1,1,1.0,0,0.0,0.01,0.0,0.0,0.03119162312519754
140,SBP_delta,125.0-137.0,125.0-137.0,1,0,0.0,1,1.0,0.0,0.005,0.0,0.03119162312519754
141,SBP_delta,126.0-110.0,126.0-110.0,1,0,0.0,1,1.0,0.0,0.005,0.0,0.03119162312519754
142,SBP_delta,126.0-111.0,126.0-111.0,1,0,0.0,1,1.0,0.0,0.005,0.0,0.03119162312519754
143,SBP_delta,126.0-123.0,126.0-123.0,1,0,0.0,1,1.0,0.0,0.005,0.0,0.03119162312519754
144,SBP_delta,126.0-125.0,126.0-125.0,1,0,0.0,1,1.0,0.0,0.005,0.0,0.03119162312519754
145,SBP_delta,126.0-131.0,126.0-131.0,1,0,0.0,1,1.0,0.0,0.005,0.0,0.03119162312519754
146,SBP_delta,126.0-141.0,126.0-141.0,1,0,0.0,1,1.0,0.0,0.005,0.0,0.03119162312519754
147,SBP_delta,126.0-142.0,126.0-142.0,1,0,0.0,1,1.0,0.0,0.005,0.0,0.03119162312519754
148,SBP_delta,126.0-159.0,126.0-159.0,1,1,1.0,0,0.0,0.01,0.0,0.0,0.03119162312519754
149,SBP_delta,127.0-117.0,127.0-117.0,1,0,0.0,1,1.0,0.0,0.005,0.0,0.03119162312519754
150,SBP_delta,127.0-126.0,127.0-126.0,1,1,1.0,0,0.0,0.01,0.0,0.0,0.03119162312519754
151,SBP_delta,127.0-128.0,127.0-128.0,1,1,1.0,0,0.0,0.01,0.0,0.0,0.03119162312519754
152,SBP_delta,127.0-132.0,127.0-132.0,1,0,0.0,1,1.0,0.0,0.005,0.0,0.03119162312519754
153,SBP_delta,127.0-133.0,127.0-133.0,1,1,1.0,0,0.0,0.01,0.0,0.0,0.03119162312519754
154,SBP_delta,127.0-134.0,127.0-134.0,2,1,0.5,1,0.5,0.01,0.005,0.6931471805599453,0.03119162312519754
155,SBP_delta,127.0-148.0,127.0-148.0,1,0,0.0,1,1.0,0.0,0.005,0.0,0.03119162312519754
156,SBP_delta,128.0-117.0,128.0-117.0,1,1,1.0,0,0.0,0.01,0.0,0.0,0.03119162312519754
157,SBP_delta,128.0-119.0,128.0-119.0,1,0,0.0,1,1.0,0.0,0.005,0.0,0.03119162312519754
158,SBP_delta,128.0-125.0,128.0-125.0,1,0,0.0,1,1.0,0.0,0.005,0.0,0.03119162312519754
159,SBP_delta,128.0-126.0,128.0-126.0,1,0,0.0,1,1.0,0.0,0.005,0.0,0.03119162312519754
160,SBP_delta,128.0-129.0,128.0-129.0,1,0,0.0,1,1.0,0.0,0.005,0.0,0.03119162312519754
161,SBP_delta,128.0-130.0,128.0-130.0,1,0,0.0,1,1.0,0.0,0.005,0.0,0.03119162312519754
162,SBP_delta,128.0-131.0,128.0-131.0,1,0,0.0,1,1.0,0.0,0.005,0.0,0.03119162312519754
163,SBP_delta,128.0-135.0,128.0-135.0,1,1,1.0,0,0.0,0.01,0.0,0.0,0.03119162312519754
164,SBP_delta,129.0-110.0,129.0-110.0,1,0,0.0,1,1.0,0.0,0.005,0.0,0.03119162312519754
165,SBP_delta,129.0-114.0,129.0-114.0,1,0,0.0,1,1.0,0.0,0.005,0.0,0.03119162312519754
166,SBP_delta,129.0-115.0,129.0-115.0,1,0,0.0,1,1.0,0.0,0.005,0.0,0.03119162312519754
167,SBP_delta,129.0-118.0,129.0-118.0,1,0,0.0,1,1.0,0.0,0.005,0.0,0.03119162312519754
168,SBP_delta,129.0-125.0,129.0-125.0,1,0,0.0,1,1.0,0.0,0.005,0.0,0.03119162312519754
169,SBP_delta,129.0-127.0,129.0-127.0,1,0,0.0,1,1.0,0.0,0.005,0.0,0.03119162312519754
170,SBP_delta,129.0-129.0,129.0-129.0,1,0,0.0,1,1.0,0.0,0.005,0.0,0.03119162312519754
171,SBP_delta,129.0-133.0,129.0-133.0,1,0,0.0,1,1.0,0.0,0.005,0.0,0.03119162312519754
172,SBP_delta,129.0-135.0,129.0-135.0,1,1,1.0,0,0.0,0.01,0.0,0.0,0.03119162312519754
173,SBP_delta,129.0-140.0,129.0-140.0,1,0,0.0,1,1.0,0.0,0.005,0.0,0.03119162312519754
174,SBP_delta,129.0-166.0,129.0-166.0,1,1,1.0,0,0.0,0.01,0.0,0.0,0.03119162312519754
175,SBP_delta,130.0-103.0,130.0-103.0,1,0,0.0,1,1.0,0.0,0.005,0.0,0.03119162312519754
176,SBP_delta,130.0-114.0,130.0-114.0,1,0,0.0,1,1.0,0.0,0.005,0.0,0.03119162312519754
177,SBP_delta,130.0-124.0,130.0-124.0,1,0,0.0,1,1.0,0.0,0.005,0.0,0.03119162312519754
178,SBP_delta,130.0-134.0,130.0-134.0,1,0,0.0,1,1.0,0.0,0.005,0.0,0.03119162312519754
179,SBP_delta,130.0-143.0,130.0-143.0,1,0,0.0,1,1.0,0.0,0.005,0.0,0.03119162312519754
180,SBP_delta,130.0-94.0,130.0-94.0,1,0,0.0,1,1.0,0.0,0.005,0.0,0.03119162312519754
181,SBP_delta,131.0-106.0,131.0-106.0,1,0,0.0,1,1.0,0.0,0.005,0.0,0.03119162312519754
182,SBP_delta,131.0-118.0,131.0-118.0,1,0,0.0,1,1.0,0.0,0.005,0.0,0.03119162312519754
183,SBP_delta,131.0-120.0,131.0-120.0,1,0,0.0,1,1.0,0.0,0.005,0.0,0.03119162312519754
184,SBP_delta,131.0-122.0,131.0-122.0,2,1,0.5,1,0.5,0.01,0.005,0.6931471805599453,0.03119162312519754
185,SBP_delta,131.0-127.0,131.0-127.0,1,0,0.0,1,1.0,0.0,0.005,0.0,0.03119162312519754
186,SBP_delta,131.0-132.0,131.0-132.0,1,1,1.0,0,0.0,0.01,0.0,0.0,0.03119162312519754
187,SBP_delta,131.0-147.0,131.0-147.0,1,1,1.0,0,0.0,0.01,0.0,0.0,0.03119162312519754
188,SBP_delta,131.0-149.0,131.0-149.0,1,0,0.0,1,1.0,0.0,0.005,0.0,0.03119162312519754
189,SBP_delta,132.0-107.0,132.0-107.0,1,0,0.0,1,1.0,0.0,0.005,0.0,0.03119162312519754
190,SBP_delta,132.0-126.0,132.0-126.0,1,1,1.0,0,0.0,0.01,0.0,0.0,0.03119162312519754
191,SBP_delta,132.0-127.0,132.0-127.0,1,0,0.0,1,1.0,0.0,0.005,0.0,0.03119162312519754
192,SBP_delta,132.0-129.0,132.0-129.0,1,0,0.0,1,1.0,0.0,0.005,0.0,0.03119162312519754
193,SBP_delta,132.0-133.0,132.0-133.0,1,1,1.0,0,0.0,0.01,0.0,0.0,0.03119162312519754
194,SBP_delta,132.0-135.0,132.0-135.0,2,1,0.5,1,0.5,0.01,0.005,0.6931471805599453,0.03119162312519754
195,SBP_delta,132.0-137.0,132.0-137.0,1,0,0.0,1,1.0,0.0,0.005,0.0,0.03119162312519754
196,SBP_delta,132.0-140.0,132.0-140.0,1,0,0.0,1,1.0,0.0,0.005,0.0,0.03119162312519754
197,SBP_delta,132.0-149.0,132.0-149.0,2,1,0.5,1,0.5,0.01,0.005,0.6931471805599453,0.03119162312519754
198,SBP_delta,133.0-116.0,133.0-116.0,1,0,0.0,1,1.0,0.0,0.005,0.0,0.03119162312519754
199,SBP_delta,133.0-120.0,133.0-120.0,2,2,1.0,0,0.0,0.02,0.0,0.0,0.03119162312519754
200,SBP_delta,133.0-126.0,133.0-126.0,1,0,0.0,1,1.0,0.0,0.005,0.0,0.03119162312519754
201,SBP_delta,133.0-127.0,133.0-127.0,1,0,0.0,1,1.0,0.0,0.005,0.0,0.03119162312519754
202,SBP_delta,133.0-128.0,133.0-128.0,1,0,0.0,1,1.0,0.0,0.005,0.0,0.03119162312519754
203,SBP_delta,133.0-129.0,133.0-129.0,1,1,1.0,0,0.0,0.01,0.0,0.0,0.03119162312519754
204,SBP_delta,133.0-133.0,133.0-133.0,1,0,0.0,1,1.0,0.0,0.005,0.0,0.03119162312519754
205,SBP_delta,133.0-135.0,133.0-135.0,1,1,1.0,0,0.0,0.01,0.0,0.0,0.03119162312519754
206,SBP_delta,133.0-136.0,133.0-136.0,1,1,1.0,0,0.0,0.01,0.0,0.0,0.03119162312519754
207,SBP_delta,133.0-137.0,133.0-137.0,1,1,1.0,0,0.0,0.01,0.0,0.0,0.03119162312519754
208,SBP_delta,133.0-140.0,133.0-140.0,1,0,0.0,1,1.0,0.0,0.005,0.0,0.03119162312519754
209,SBP_delta,133.0-143.0,133.0-143.0,1,0,0.0,1,1.0,0.0,0.005,0.0,0.03119162312519754
210,SBP_delta,133.0-155.0,133.0-155.0,1,1,1.0,0,0.0,0.01,0.0,0.0,0.03119162312519754
211,SBP_delta,134.0-119.0,134.0-119.0,1,0,0.0,1,1.0,0.0,0.005,0.0,0.03119162312519754
212,SBP_delta,134.0-123.0,134.0-123.0,1,0,0.0,1,1.0,0.0,0.005,0.0,0.03119162312519754
213,SBP_delta,134.0-125.0,134.0-125.0,2,0,0.0,2,1.0,0.0,0.01,0.0,0.03119162312519754
214,SBP_delta,134.0-127.0,134.0-127.0,1,0,0.0,1,1.0,0.0,0.005,0.0,0.03119162312519754
215,SBP_delta,134.0-131.0,134.0-131.0,1,0,0.0,1,1.0,0.0,0.005,0.0,0.03119162312519754
216,SBP_delta,134.0-138.0,134.0-138.0,1,0,0.0,1,1.0,0.0,0.005,0.0,0.03119162312519754
217,SBP_delta,134.0-147.0,134.0-147.0,1,0,0.0,1,1.0,0.0,0.005,0.0,0.03119162312519754
218,SBP_delta,134.0-148.0,134.0-148.0,1,1,1.0,0,0.0,0.01,0.0,0.0,0.03119162312519754
219,SBP_delta,134.0-161.0,134.0-161.0,1,1,1.0,0,0.0,0.01,0.0,0.0,0.03119162312519754
220,SBP_delta,134.0-92.0,134.0-92.0,1,0,0.0,1,1.0,0.0,0.005,0.0,0.03119162312519754
221,SBP_delta,135.0-130.0,135.0-130.0,2,0,0.0,2,1.0,0.0,0.01,0.0,0.03119162312519754
222,SBP_delta,135.0-140.0,135.0-140.0,1,0,0.0,1,1.0,0.0,0.005,0.0,0.03119162312519754
223,SBP_delta,136.0-126.0,136.0-126.0,1,0,0.0,1,1.0,0.0,0.005,0.0,0.03119162312519754
224,SBP_delta,136.0-132.0,136.0-132.0,1,0,0.0,1,1.0,0.0,0.005,0.0,0.03119162312519754
225,SBP_delta,136.0-135.0,136.0-135.0,1,0,0.0,1,1.0,0.0,0.005,0.0,0.03119162312519754
226,SBP_delta,136.0-138.0,136.0-138.0,1,0,0.0,1,1.0,0.0,0.005,0.0,0.03119162312519754
227,SBP_delta,136.0-141.0,136.0-141.0,2,0,0.0,2,1.0,0.0,0.01,0.0,0.03119162312519754
228,SBP_delta,137.0-122.0,137.0-122.0,1,0,0.0,1,1.0,0.0,0.005,0.0,0.03119162312519754
229,SBP_delta,137.0-126.0,137.0-126.0,1,0,0.0,1,1.0,0.0,0.005,0.0,0.03119162312519754
230,SBP_delta,137.0-128.0,137.0-128.0,1,0,0.0,1,1.0,0.0,0.005,0.0,0.03119162312519754
231,SBP_delta,137.0-130.0,137.0-130.0,1,0,0.0,1,1.0,0.0,0.005,0.0,0.03119162312519754
232,SBP_delta,137.0-138.0,137.0-138.0,1,0,0.0,1,1.0,0.0,0.005,0.0,0.03119162312519754
233,SBP_delta,137.0-146.0,137.0-146.0,1,1,1.0,0,0.0,0.01,0.0,0.0,0.03119162312519754
234,SBP_delta,138.0-118.0,138.0-118.0,1,0,0.0,1,1.0,0.0,0.005,0.0,0.03119162312519754
235,SBP_delta,138.0-121.0,138.0-121.0,1,0,0.0,1,1.0,0.0,0.005,0.0,0.03119162312519754
236,SBP_delta,138.0-142.0,138.0-142.0,1,1,1.0,0,0.0,0.01,0.0,0.0,0.03119162312519754
237,SBP_delta,138.0-160.0,138.0-160.0,1,1,1.0,0,0.0,0.01,0.0,0.0,0.03119162312519754
238,SBP_delta,139.0-114.0,139.0-114.0,1,0,0.0,1,1.0,0.0,0.005,0.0,0.03119162312519754
239,SBP_delta,139.0-138.0,139.0-138.0,1,0,0.0,1,1.0,0.0,0.005,0.0,0.03119162312519754
240,SBP_delta,139.0-140.0,139.0-140.0,1,0,0.0,1,1.0,0.0,0.005,0.0,0.03119162312519754
241,SBP_delta,139.0-141.0,139.0-141.0,1,1,1.0,0,0.0,0.01,0.0,0.0,0.03119162312519754
242,SBP_delta,139.0-142.0,139.0-142.0,1,0,0.0,1,1.0,0.0,0.005,0.0,0.03119162312519754
243,SBP_delta,140.0-125.0,140.0-125.0,1,0,0.0,1,1.0,0.0,0.005,0.0,0.03119162312519754
244,SBP_delta,140.0-126.0,140.0-126.0,1,1,1.0,0,0.0,0.01,0.0,0.0,0.03119162312519754
245,SBP_delta,140.0-130.0,140.0-130.0,1,0,0.0,1,1.0,0.0,0.005,0.0,0.03119162312519754
246,SBP_delta,140.0-133.0,140.0-133.0,2,1,0.5,1,0.5,0.01,0.005,0.6931471805599453,0.03119162312519754
247,SBP_delta,140.0-143.0,140.0-143.0,2,1,0.5,1,0.5,0.01,0.005,0.6931471805599453,0.03119162312519754
248,SBP_delta,140.0-144.0,140.0-144.0,1,1,1.0,0,0.0,0.01,0.0,0.0,0.03119162312519754
249,SBP_delta,140.0-145.0,140.0-145.0,1,0,0.0,1,1.0,0.0,0.005,0.0,0.03119162312519754
250,SBP_delta,140.0-150.0,140.0-150.0,1,0,0.0,1,1.0,0.0,0.005,0.0,0.03119162312519754
251,SBP_delta,141.0-117.0,141.0-117.0,1,0,0.0,1,1.0,0.0,0.005,0.0,0.03119162312519754
252,SBP_delta,141.0-126.0,141.0-126.0,1,0,0.0,1,1.0,0.0,0.005,0.0,0.03119162312519754
253,SBP_delta,141.0-131.0,141.0-131.0,1,0,0.0,1,1.0,0.0,0.005,0.0,0.03119162312519754
254,SBP_delta,141.0-133.0,141.0-133.0,1,0,0.0,1,1.0,0.0,0.005,0.0,0.03119162312519754
255,SBP_delta,141.0-140.0,141.0-140.0,1,0,0.0,1,1.0,0.0,0.005,0.0,0.03119162312519754
256,SBP_delta,142.0-115.0,142.0-115.0,1,0,0.0,1,1.0,0.0,0.005,0.0,0.03119162312519754
257,SBP_delta,142.0-124.0,142.0-124.0,2,0,0.0,2,1.0,0.0,0.01,0.0,0.03119162312519754
258,SBP_delta,142.0-128.0,142.0-128.0,1,0,0.0,1,1.0,0.0,0.005,0.0,0.03119162312519754
259,SBP_delta,142.0-136.0,142.0-136.0,1,0,0.0,1,1.0,0.0,0.005,0.0,0.03119162312519754
260,SBP_delta,142.0-141.0,142.0-141.0,1,1,1.0,0,0.0,0.01,0.0,0.0,0.03119162312519754
261,SBP_delta,142.0-143.0,142.0-143.0,1,0,0.0,1,1.0,0.0,0.005,0.0,0.03119162312519754
262,SBP_delta,143.0-130.0,143.0-130.0,1,1,1.0,0,0.0,0.01,0.0,0.0,0.03119162312519754
263,SBP_delta,143.0-141.0,143.0-141.0,1,0,0.0,1,1.0,0.0,0.005,0.0,0.03119162312519754
264,SBP_delta,143.0-146.0,143.0-146.0,1,1,1.0,0,0.0,0.01,0.0,0.0,0.03119162312519754
265,SBP_delta,143.0-152.0,143.0-152.0,1,1,1.0,0,0.0,0.01,0.0,0.0,0.03119162312519754
266,SBP_delta,144.0-115.0,144.0-115.0,1,0,0.0,1,1.0,0.0,0.005,0.0,0.03119162312519754
267,SBP_delta,144.0-123.0,144.0-123.0,1,0,0.0,1,1.0,0.0,0.005,0.0,0.03119162312519754
268,SBP_delta,144.0-128.0,144.0-128.0,1,1,1.0,0,0.0,0.01,0.0,0.0,0.03119162312519754
269,SBP_delta,144.0-135.0,144.0-135.0,2,2,1.0,0,0.0,0.02,0.0,0.0,0.03119162312519754
270,SBP_delta,144.0-137.0,144.0-137.0,1,0,0.0,1,1.0,0.0,0.005,0.0,0.03119162312519754
271,SBP_delta,144.0-138.0,144.0-138.0,1,0,0.0,1,1.0,0.0,0.005,0.0,0.03119162312519754
272,SBP_delta,144.0-144.0,144.0-144.0,1,0,0.0,1,1.0,0.0,0.005,0.0,0.03119162312519754
273,SBP_delta,144.0-145.0,144.0-145.0,1,0,0.0,1,1.0,0.0,0.005,0.0,0.03119162312519754
274,SBP_delta,144.0-164.0,144.0-164.0,1,1,1.0,0,0.0,0.01,0.0,0.0,0.03119162312519754
275,SBP_delta,144.0-176.0,144.0-176.0,1,1,1.0,0,0.0,0.01,0.0,0.0,0.03119162312519754
276,SBP_delta,145.0-120.0,145.0-120.0,1,0,0.0,1,1.0,0.0,0.005,0.0,0.03119162312519754
277,SBP_delta,145.0-125.0,145.0-125.0,1,1,1.0,0,0.0,0.01,0.0,0.0,0.03119162312519754
278,SBP_delta,145.0-131.0,145.0-131.0,1,0,0.0,1,1.0,0.0,0.005,0.0,0.03119162312519754
279,SBP_delta,145.0-136.0,145.0-136.0,1,1,1.0,0,0.0,0.01,0.0,0.0,0.03119162312519754
280,SBP_delta,145.0-146.0,145.0-146.0,1,0,0.0,1,1.0,0.0,0.005,0.0,0.03119162312519754
281,SBP_delta,145.0-150.0,145.0-150.0,1,0,0.0,1,1.0,0.0,0.005,0.0,0.03119162312519754
282,SBP_delta,145.0-154.0,145.0-154.0,1,0,0.0,1,1.0,0.0,0.005,0.0,0.03119162312519754
283,SBP_delta,145.0-157.0,145.0-157.0,1,1,1.0,0,0.0,0.01,0.0,0.0,0.03119162312519754
284,SBP_delta,145.0-158.0,145.0-158.0,1,1,1.0,0,0.0,0.01,0.0,0.0,0.03119162312519754
285,SBP_delta,145.0-93.0,145.0-93.0,1,0,0.0,1,1.0,0.0,0.005,0.0,0.03119162312519754
286,SBP_delta,146.0-118.0,146.0-118.0,1,0,0.0,1,1.0,0.0,0.005,0.0,0.03119162312519754
287,SBP_delta,146.0-127.0,146.0-127.0,1,0,0.0,1,1.0,0.0,0.005,0.0,0.03119162312519754
288,SBP_delta,146.0-130.0,146.0-130.0,1,0,0.0,1,1.0,0.0,0.005,0.0,0.03119162312519754
289,SBP_delta,146.0-134.0,146.0-134.0,1,0,0.0,1,1.0,0.0,0.005,0.0,0.03119162312519754
290,SBP_delta,146.0-135.0,146.0-135.0,2,1,0.5,1,0.5,0.01,0.005,0.6931471805599453,0.03119162312519754
291,SBP_delta,146.0-137.0,146.0-137.0,1,1,1.0,0,0.0,0.01,0.0,0.0,0.03119162312519754
292,SBP_delta,146.0-145.0,146.0-145.0,1,0,0.0,1,1.0,0.0,0.005,0.0,0.03119162312519754
293,SBP_delta,147.0-130.0,147.0-130.0,1,0,0.0,1,1.0,0.0,0.005,0.0,0.03119162312519754
294,SBP_delta,147.0-132.0,147.0-132.0,1,0,0.0,1,1.0,0.0,0.005,0.0,0.03119162312519754
295,SBP_delta,147.0-143.0,147.0-143.0,1,0,0.0,1,1.0,0.0,0.005,0.0,0.03119162312519754
296,SBP_delta,147.0-149.0,147.0-149.0,1,1,1.0,0,0.0,0.01,0.0,0.0,0.03119162312519754
297,SBP_delta,147.0-159.0,147.0-159.0,1,0,0.0,1,1.0,0.0,0.005,0.0,0.03119162312519754
298,SBP_delta,147.0-162.0,147.0-162.0,1,1,1.0,0,0.0,0.01,0.0,0.0,0.03119162312519754
299,SBP_delta,148.0-122.0,148.0-122.0,1,0,0.0,1,1.0,0.0,0.005,0.0,0.03119162312519754
300,SBP_delta,148.0-138.0,148.0-138.0,1,0,0.0,1,1.0,0.0,0.005,0.0,0.03119162312519754
301,SBP_delta,148.0-141.0,148.0-141.0,1,0,0.0,1,1.0,0.0,0.005,0.0,0.03119162312519754
302,SBP_delta,148.0-155.0,148.0-155.0,1,1,1.0,0,0.0,0.01,0.0,0.0,0.03119162312519754
303,SBP_delta,148.0-157.0,148.0-157.0,1,0,0.0,1,1.0,0.0,0.005,0.0,0.03119162312519754
304,SBP_delta,148.0-165.0,148.0-165.0,1,0,0.0,1,1.0,0.0,0.005,0.0,0.03119162312519754
305,SBP_delta,149.0-122.0,149.0-122.0,1,0,0.0,1,1.0,0.0,0.005,0.0,0.03119162312519754
306,SBP_delta,149.0-138.0,149.0-138.0,1,1,1.0,0,0.0,0.01,0.0,0.0,0.03119162312519754
307,SBP_delta,149.0-151.0,149.0-151.0,1,1,1.0,0,0.0,0.01,0.0,0.0,0.03119162312519754
308,SBP_delta,149.0-163.0,149.0-163.0,1,1,1.0,0,0.0,0.01,0.0,0.0,0.03119162312519754
309,SBP_delta,150.0-134.0,150.0-134.0,2,0,0.0,2,1.0,0.0,0.01,0.0,0.03119162312519754
310,SBP_delta,151.0-135.0,151.0-135.0,1,1,1.0,0,0.0,0.01,0.0,0.0,0.03119162312519754
311,SBP_delta,151.0-137.0,151.0-137.0,1,0,0.0,1,1.0,0.0,0.005,0.0,0.03119162312519754
312,SBP_delta,151.0-139.0,151.0-139.0,1,0,0.0,1,1.0,0.0,0.005,0.0,0.03119162312519754
313,SBP_delta,151.0-145.0,151.0-145.0,1,1,1.0,0,0.0,0.01,0.0,0.0,0.03119162312519754
314,SBP_delta,151.0-154.0,151.0-154.0,1,1,1.0,0,0.0,0.01,0.0,0.0,0.03119162312519754
315,SBP_delta,152.0-129.0,152.0-129.0,1,0,0.0,1,1.0,0.0,0.005,0.0,0.03119162312519754
316,SBP_delta,152.0-133.0,152.0-133.0,1,0,0.0,1,1.0,0.0,0.005,0.0,0.03119162312519754
317,SBP_delta,152.0-142.0,152.0-142.0,1,1,1.0,0,0.0,0.01,0.0,0.0,0.03119162312519754
318,SBP_delta,152.0-144.0,152.0-144.0,1,0,0.0,1,1.0,0.0,0.005,0.0,0.03119162312519754
319,SBP_delta,152.0-154.0,152.0-154.0,1,0,0.0,1,1.0,0.0,0.005,0.0,0.03119162312519754
320,SBP_delta,152.0-156.0,152.0-156.0,1,0,0.0,1,1.0,0.0,0.005,0.0,0.03119162312519754
321,SBP_delta,153.0-151.0,153.0-151.0,1,0,0.0,1,1.0,0.0,0.005,0.0,0.03119162312519754
322,SBP_delta,153.0-152.0,153.0-152.0,1,0,0.0,1,1.0,0.0,0.005,0.0,0.03119162312519754
323,SBP_delta,154.0-112.0,154.0-112.0,1,0,0.0,1,1.0,0.0,0.005,0.0,0.03119162312519754
324,SBP_delta,154.0-144.0,154.0-144.0,1,0,0.0,1,1.0,0.0,0.005,0.0,0.03119162312519754
325,SBP_delta,154.0-149.0,154.0-149.0,1,0,0.0,1,1.0,0.0,0.005,0.0,0.03119162312519754
326,SBP_delta,154.0-154.0,154.0-154.0,1,0,0.0,1,1.0,0.0,0.005,0.0,0.03119162312519754
327,SBP_delta,155.0-147.0,155.0-147.0,1,1,1.0,0,0.0,0.01,0.0,0.0,0.03119162312519754
328,SBP_delta,155.0-151.0,155.0-151.0,1,1,1.0,0,0.0,0.01,0.0,0.0,0.03119162312519754
329,SBP_delta,156.0-142.0,156.0-142.0,1,0,0.0,1,1.0,0.0,0.005,0.0,0.03119162312519754
330,SBP_delta,157.0-140.0,157.0-140.0,1,0,0.0,1,1.0,0.0,0.005,0.0,0.03119162312519754
331,SBP_delta,157.0-150.0,157.0-150.0,1,0,0.0,1,1.0,0.0,0.005,0.0,0.03119162312519754
332,SBP_delta,157.0-157.0,157.0-157.0,1,1,1.0,0,0.0,0.01,0.0,0.0,0.03119162312519754
333,SBP_delta,157.0-160.0,157.0-160.0,1,0,0.0,1,1.0,0.0,0.005,0.0,0.03119162312519754
334,SBP_delta,158.0-143.0,158.0-143.0,1,0,0.0,1,1.0,0.0,0.005,0.0,0.03119162312519754
335,SBP_delta,158.0-157.0,158.0-157.0,1,0,0.0,1,1.0,0.0,0.005,0.0,0.03119162312519754
336,SBP_delta,158.0-163.0,158.0-163.0,1,1,1.0,0,0.0,0.01,0.0,0.0,0.03119162312519754
337,SBP_delta,159.0-140.0,159.0-140.0,1,0,0.0,1,1.0,0.0,0.005,0.0,0.03119162312519754
338,SBP_delta,159.0-142.0,159.0-142.0,2,0,0.0,2,1.0,0.0,0.01,0.0,0.03119162312519754
339,SBP_delta,160.0-120.0,160.0-120.0,1,0,0.0,1,1.0,0.0,0.005,0.0,0.03119162312519754
340,SBP_delta,160.0-144.0,160.0-144.0,1,0,0.0,1,1.0,0.0,0.005,0.0,0.03119162312519754
341,SBP_delta,160.0-165.0,160.0-165.0,1,0,0.0,1,1.0,0.0,0.005,0.0,0.03119162312519754
342,SBP_delta,161.0-161.0,161.0-161.0,1,0,0.0,1,1.0,0.0,0.005,0.0,0.03119162312519754
343,SBP_delta,161.0-166.0,161.0-166.0,1,1,1.0,0,0.0,0.01,0.0,0.0,0.03119162312519754
344,SBP_delta,170.0-158.0,170.0-158.0,1,1,1.0,0,0.0,0.01,0.0,0.0,0.03119162312519754
345,SBP_delta,174.0-152.0,174.0-152.0,1,0,0.0,1,1.0,0.0,0.005,0.0,0.03119162312519754
346,SBP_delta,176.0-142.0,176.0-142.0,1,0,0.0,1,1.0,0.0,0.005,0.0,0.03119162312519754
347,SBP_delta,177.0-115.0,177.0-115.0,1,0,0.0,1,1.0,0.0,0.005,0.0,0.03119162312519754
348,SBP_delta,179.0-136.0,179.0-136.0,1,0,0.0,1,1.0,0.0,0.005,0.0,0.03119162312519754
349,Lipoprotein_delta,100.0-101.0,100.0-101.0,1,0,0.0,1,1.0,0.0,0.005,0.0,0.017328679513998635
350,Lipoprotein_delta,100.0-103.0,100.0-103.0,1,1,1.0,0,0.0,0.01,0.0,0.0,0.017328679513998635
351,Lipoprotein_delta,100.0-92.0,100.0-92.0,1,0,0.0,1,1.0,0.0,0.005,0.0,0.017328679513998635
352,Lipoprotein_delta,100.0-98.0,100.0-98.0,1,0,0.0,1,1.0,0.0,0.005,0.0,0.017328679513998635
353,Lipoprotein_delta,101.0-104.0,101.0-104.0,1,1,1.0,0,0.0,0.01,0.0,0.0,0.017328679513998635
354,Lipoprotein_delta,102.0-80.0,102.0-80.0,1,0,0.0,1,1.0,0.0,0.005,0.0,0.017328679513998635
355,Lipoprotein_delta,102.0-91.0,102.0-91.0,1,1,1.0,0,0.0,0.01,0.0,0.0,0.017328679513998635
356,Lipoprotein_delta,102.0-92.0,102.0-92.0,1,0,0.0,1,1.0,0.0,0.005,0.0,0.017328679513998635
357,Lipoprotein_delta,102.0-93.0,102.0-93.0,1,1,1.0,0,0.0,0.01,0.0,0.0,0.017328679513998635
358,Lipoprotein_delta,103.0-88.0,103.0-88.0,1,0,0.0,1,1.0,0.0,0.005,0.0,0.017328679513998635
359,Lipoprotein_delta,103.0-95.0,103.0-95.0,1,0,0.0,1,1.0,0.0,0.005,0.0,0.017328679513998635
360,Lipoprotein_delta,104.0-104.0,104.0-104.0,1,0,0.0,1,1.0,0.0,0.005,0.0,0.017328679513998635
361,Lipoprotein_delta,104.0-76.0,104.0-76.0,1,0,0.0,1,1.0,0.0,0.005,0.0,0.017328679513998635
362,Lipoprotein_delta,104.0-82.0,104.0-82.0,1,0,0.0,1,1.0,0.0,0.005,0.0,0.017328679513998635
363,Lipoprotein_delta,105.0-103.0,105.0-103.0,1,1,1.0,0,0.0,0.01,0.0,0.0,0.017328679513998635
364,Lipoprotein_delta,105.0-105.0,105.0-105.0,1,0,0.0,1,1.0,0.0,0.005,0.0,0.017328679513998635
365,Lipoprotein_delta,105.0-108.0,105.0-108.0,1,0,0.0,1,1.0,0.0,0.005,0.0,0.017328679513998635
366,Lipoprotein_delta,105.0-129.0,105.0-129.0,1,1,1.0,0,0.0,0.01,0.0,0.0,0.017328679513998635
367,Lipoprotein_delta,105.0-93.0,105.0-93.0,1,0,0.0,1,1.0,0.0,0.005,0.0,0.017328679513998635
368,Lipoprotein_delta,106.0-112.0,106.0-112.0,1,1,1.0,0,0.0,0.01,0.0,0.0,0.017328679513998635
369,Lipoprotein_delta,106.0-98.0,106.0-98.0,1,0,0.0,1,1.0,0.0,0.005,0.0,0.017328679513998635
370,Lipoprotein_delta,107.0-92.0,107.0-92.0,1,0,0.0,1,1.0,0.0,0.005,0.0,0.017328679513998635
371,Lipoprotein_delta,108.0-125.0,108.0-125.0,1,1,1.0,0,0.0,0.01,0.0,0.0,0.017328679513998635
372,Lipoprotein_delta,108.0-75.0,108.0-75.0,1,0,0.0,1,1.0,0.0,0.005,0.0,0.017328679513998635
373,Lipoprotein_delta,108.0-92.0,108.0-92.0,1,0,0.0,1,1.0,0.0,0.005,0.0,0.017328679513998635
374,Lipoprotein_delta,109.0-90.0,109.0-90.0,1,1,1.0,0,0.0,0.01,0.0,0.0,0.017328679513998635
375,Lipoprotein_delta,110.0-100.0,110.0-100.0,1,0,0.0,1,1.0,0.0,0.005,0.0,0.017328679513998635
376,Lipoprotein_delta,110.0-93.0,110.0-93.0,1,0,0.0,1,1.0,0.0,0.005,0.0,0.017328679513998635
377,Lipoprotein_delta,111.0-106.0,111.0-106.0,1,0,0.0,1,1.0,0.0,0.005,0.0,0.017328679513998635
378,Lipoprotein_delta,111.0-109.0,111.0-109.0,1,1,1.0,0,0.0,0.01,0.0,0.0,0.017328679513998635
379,Lipoprotein_delta,111.0-70.0,111.0-70.0,1,0,0.0,1,1.0,0.0,0.005,0.0,0.017328679513998635
380,Lipoprotein_delta,111.0-88.0,111.0-88.0,1,0,0.0,1,1.0,0.0,0.005,0.0,0.017328679513998635
381,Lipoprotein_delta,112.0-100.0,112.0-100.0,1,0,0.0,1,1.0,0.0,0.005,0.0,0.017328679513998635
382,Lipoprotein_delta,112.0-103.0,112.0-103.0,1,0,0.0,1,1.0,0.0,0.005,0.0,0.017328679513998635
383,Lipoprotein_delta,112.0-119.0,112.0-119.0,1,1,1.0,0,0.0,0.01,0.0,0.0,0.017328679513998635
384,Lipoprotein_delta,112.0-124.0,112.0-124.0,1,1,1.0,0,0.0,0.01,0.0,0.0,0.017328679513998635
385,Lipoprotein_delta,112.0-70.0,112.0-70.0,1,0,0.0,1,1.0,0.0,0.005,0.0,0.017328679513998635
386,Lipoprotein_delta,113.0-104.0,113.0-104.0,1,0,0.0,1,1.0,0.0,0.005,0.0,0.017328679513998635
387,Lipoprotein_delta,113.0-120.0,113.0-120.0,1,1,1.0,0,0.0,0.01,0.0,0.0,0.017328679513998635
388,Lipoprotein_delta,113.0-121.0,113.0-121.0,1,0,0.0,1,1.0,0.0,0.005,0.0,0.017328679513998635
389,Lipoprotein_delta,113.0-143.0,113.0-143.0,1,1,1.0,0,0.0,0.01,0.0,0.0,0.017328679513998635
390,Lipoprotein_delta,113.0-97.0,113.0-97.0,1,0,0.0,1,1.0,0.0,0.005,0.0,0.017328679513998635
391,Lipoprotein_delta,114.0-114.0,114.0-114.0,1,0,0.0,1,1.0,0.0,0.005,0.0,0.017328679513998635
392,Lipoprotein_delta,114.0-123.0,114.0-123.0,1,1,1.0,0,0.0,0.01,0.0,0.0,0.017328679513998635
393,Lipoprotein_delta,115.0-120.0,115.0-120.0,1,0,0.0,1,1.0,0.0,0.005,0.0,0.017328679513998635
394,Lipoprotein_delta,115.0-87.0,115.0-87.0,1,0,0.0,1,1.0,0.0,0.005,0.0,0.017328679513998635
395,Lipoprotein_delta,115.0-99.0,115.0-99.0,1,0,0.0,1,1.0,0.0,0.005,0.0,0.017328679513998635
396,Lipoprotein_delta,116.0-89.0,116.0-89.0,1,0,0.0,1,1.0,0.0,0.005,0.0,0.017328679513998635
397,Lipoprotein_delta,117.0-118.0,117.0-118.0,2,1,0.5,1,0.5,0.01,0.005,0.6931471805599453,0.017328679513998635
398,Lipoprotein_delta,118.0-109.0,118.0-109.0,1,1,1.0,0,0.0,0.01,0.0,0.0,0.017328679513998635
399,Lipoprotein_delta,118.0-116.0,118.0-116.0,1,0,0.0,1,1.0,0.0,0.005,0.0,0.017328679513998635
400,Lipoprotein_delta,118.0-126.0,118.0-126.0,1,0,0.0,1,1.0,0.0,0.005,0.0,0.017328679513998635
401,Lipoprotein_delta,118.0-130.0,118.0-130.0,1,1,1.0,0,0.0,0.01,0.0,0.0,0.017328679513998635
402,Lipoprotein_delta,118.0-82.0,118.0-82.0,1,0,0.0,1,1.0,0.0,0.005,0.0,0.017328679513998635
403,Lipoprotein_delta,119.0-144.0,119.0-144.0,1,1,1.0,0,0.0,0.01,0.0,0.0,0.017328679513998635
404,Lipoprotein_delta,120.0-100.0,120.0-100.0,1,0,0.0,1,1.0,0.0,0.005,0.0,0.017328679513998635
405,Lipoprotein_delta,120.0-102.0,120.0-102.0,1,1,1.0,0,0.0,0.01,0.0,0.0,0.017328679513998635
406,Lipoprotein_delta,120.0-113.0,120.0-113.0,1,0,0.0,1,1.0,0.0,0.005,0.0,0.017328679513998635
407,Lipoprotein_delta,120.0-90.0,120.0-90.0,1,0,0.0,1,1.0,0.0,0.005,0.0,0.017328679513998635
408,Lipoprotein_delta,122.0-102.0,122.0-102.0,1,0,0.0,1,1.0,0.0,0.005,0.0,0.017328679513998635
409,Lipoprotein_delta,122.0-123.0,122.0-123.0,1,0,0.0,1,1.0,0.0,0.005,0.0,0.017328679513998635
410,Lipoprotein_delta,122.0-132.0,122.0-132.0,1,1,1.0,0,0.0,0.01,0.0,0.0,0.017328679513998635
411,Lipoprotein_delta,123.0-118.0,123.0-118.0,1,0,0.0,1,1.0,0.0,0.005,0.0,0.017328679513998635
412,Lipoprotein_delta,123.0-141.0,123.0-141.0,1,0,0.0,1,1.0,0.0,0.005,0.0,0.017328679513998635
413,Lipoprotein_delta,124.0-114.0,124.0-114.0,1,0,0.0,1,1.0,0.0,0.005,0.0,0.017328679513998635
414,Lipoprotein_delta,124.0-121.0,124.0-121.0,1,0,0.0,1,1.0,0.0,0.005,0.0,0.017328679513998635
415,Lipoprotein_delta,124.0-124.0,124.0-124.0,1,0,0.0,1,1.0,0.0,0.005,0.0,0.017328679513998635
416,Lipoprotein_delta,125.0-109.0,125.0-109.0,1,1,1.0,0,0.0,0.01,0.0,0.0,0.017328679513998635
417,Lipoprotein_delta,126.0-133.0,126.0-133.0,1,0,0.0,1,1.0,0.0,0.005,0.0,0.017328679513998635
418,Lipoprotein_delta,127.0-100.0,127.0-100.0,1,0,0.0,1,1.0,0.0,0.005,0.0,0.017328679513998635
419,Lipoprotein_delta,128.0-123.0,128.0-123.0,1,0,0.0,1,1.0,0.0,0.005,0.0,0.017328679513998635
420,Lipoprotein_delta,128.0-130.0,128.0-130.0,1,1,1.0,0,0.0,0.01,0.0,0.0,0.017328679513998635
421,Lipoprotein_delta,131.0-137.0,131.0-137.0,1,1,1.0,0,0.0,0.01,0.0,0.0,0.017328679513998635
422,Lipoprotein_delta,132.0-108.0,132.0-108.0,1,0,0.0,1,1.0,0.0,0.005,0.0,0.017328679513998635
423,Lipoprotein_delta,132.0-144.0,132.0-144.0,1,1,1.0,0,0.0,0.01,0.0,0.0,0.017328679513998635
424,Lipoprotein_delta,133.0-114.0,133.0-114.0,1,0,0.0,1,1.0,0.0,0.005,0.0,0.017328679513998635
425,Lipoprotein_delta,134.0-114.0,134.0-114.0,1,0,0.0,1,1.0,0.0,0.005,0.0,0.017328679513998635
426,Lipoprotein_delta,135.0-148.0,135.0-148.0,1,1,1.0,0,0.0,0.01,0.0,0.0,0.017328679513998635
427,Lipoprotein_delta,135.0-152.0,135.0-152.0,1,1,1.0,0,0.0,0.01,0.0,0.0,0.017328679513998635
428,Lipoprotein_delta,135.0-156.0,135.0-156.0,1,0,0.0,1,1.0,0.0,0.005,0.0,0.017328679513998635
429,Lipoprotein_delta,136.0-113.0,136.0-113.0,1,0,0.0,1,1.0,0.0,0.005,0.0,0.017328679513998635
430,Lipoprotein_delta,136.0-127.0,136.0-127.0,1,0,0.0,1,1.0,0.0,0.005,0.0,0.017328679513998635
431,Lipoprotein_delta,137.0-113.0,137.0-113.0,1,0,0.0,1,1.0,0.0,0.005,0.0,0.017328679513998635
432,Lipoprotein_delta,138.0-112.0,138.0-112.0,1,0,0.0,1,1.0,0.0,0.005,0.0,0.017328679513998635
433,Lipoprotein_delta,141.0-119.0,141.0-119.0,1,0,0.0,1,1.0,0.0,0.005,0.0,0.017328679513998635
434,Lipoprotein_delta,141.0-121.0,141.0-121.0,1,0,0.0,1,1.0,0.0,0.005,0.0,0.017328679513998635
435,Lipoprotein_delta,142.0-105.0,142.0-105.0,1,0,0.0,1,1.0,0.0,0.005,0.0,0.017328679513998635
436,Lipoprotein_delta,142.0-71.0,142.0-71.0,1,0,0.0,1,1.0,0.0,0.005,0.0,0.017328679513998635
437,Lipoprotein_delta,145.0-115.0,145.0-115.0,1,0,0.0,1,1.0,0.0,0.005,0.0,0.017328679513998635
438,Lipoprotein_delta,146.0-27.0,146.0-27.0,1,0,0.0,1,1.0,0.0,0.005,0.0,0.017328679513998635
439,Lipoprotein_delta,152.0-198.0,152.0-198.0,1,1,1.0,0,0.0,0.01,0.0,0.0,0.017328679513998635
440,Lipoprotein_delta,152.0-99.0,152.0-99.0,1,0,0.0,1,1.0,0.0,0.005,0.0,0.017328679513998635
441,Lipoprotein_delta,153.0-189.0,153.0-189.0,1,1,1.0,0,0.0,0.01,0.0,0.0,0.017328679513998635
442,Lipoprotein_delta,159.0-125.0,159.0-125.0,1,0,0.0,1,1.0,0.0,0.005,0.0,0.017328679513998635
443,Lipoprotein_delta,160.0-143.0,160.0-143.0,1,0,0.0,1,1.0,0.0,0.005,0.0,0.017328679513998635
444,Lipoprotein_delta,160.0-163.0,160.0-163.0,1,0,0.0,1,1.0,0.0,0.005,0.0,0.017328679513998635
445,Lipoprotein_delta,161.0-158.0,161.0-158.0,1,1,1.0,0,0.0,0.01,0.0,0.0,0.017328679513998635
446,Lipoprotein_delta,162.0-105.0,162.0-105.0,1,0,0.0,1,1.0,0.0,0.005,0.0,0.017328679513998635
447,Lipoprotein_delta,167.0-159.0,167.0-159.0,1,0,0.0,1,1.0,0.0,0.005,0.0,0.017328679513998635
448,Lipoprotein_delta,168.0-89.0,168.0-89.0,1,0,0.0,1,1.0,0.0,0.005,0.0,0.017328679513998635
449,Lipoprotein_delta,173.0-139.0,173.0-139.0,1,0,0.0,1,1.0,0.0,0.005,0.0,0.017328679513998635
450,Lipoprotein_delta,26.0-101.0,26.0-101.0,1,1,1.0,0,0.0,0.01,0.0,0.0,0.017328679513998635
451,Lipoprotein_delta,30.0-39.0,30.0-39.0,1,0,0.0,1,1.0,0.0,0.005,0.0,0.017328679513998635
452,Lipoprotein_delta,37.0-79.0,37.0-79.0,1,1,1.0,0,0.0,0.01,0.0,0.0,0.017328679513998635
453,Lipoprotein_delta,38.0-52.0,38.0-52.0,1,0,0.0,1,1.0,0.0,0.005,0.0,0.017328679513998635
454,Lipoprotein_delta,41.0-58.0,41.0-58.0,1,0,0.0,1,1.0,0.0,0.005,0.0,0.017328679513998635
455,Lipoprotein_delta,41.0-74.0,41.0-74.0,1,1,1.0,0,0.0,0.01,0.0,0.0,0.017328679513998635
456,Lipoprotein_delta,42.0-42.0,42.0-42.0,1,1,1.0,0,0.0,0.01,0.0,0.0,0.017328679513998635
457,Lipoprotein_delta,42.0-45.0,42.0-45.0,1,0,0.0,1,1.0,0.0,0.005,0.0,0.017328679513998635
458,Lipoprotein_delta,42.0-60.0,42.0-60.0,1,0,0.0,1,1.0,0.0,0.005,0.0,0.017328679513998635
459,Lipoprotein_delta,43.0-56.0,43.0-56.0,1,1,1.0,0,0.0,0.01,0.0,0.0,0.017328679513998635
460,Lipoprotein_delta,46.0-34.0,46.0-34.0,1,0,0.0,1,1.0,0.0,0.005,0.0,0.017328679513998635
461,Lipoprotein_delta,49.0-43.0,49.0-43.0,1,0,0.0,1,1.0,0.0,0.005,0.0,0.017328679513998635
462,Lipoprotein_delta,49.0-63.0,49.0-63.0,1,1,1.0,0,0.0,0.01,0.0,0.0,0.017328679513998635
463,Lipoprotein_delta,49.0-67.0,49.0-67.0,1,1,1.0,0,0.0,0.01,0.0,0.0,0.017328679513998635
464,Lipoprotein_delta,49.0-69.0,49.0-69.0,1,1,1.0,0,0.0,0.01,0.0,0.0,0.017328679513998635
465,Lipoprotein_delta,50.0-50.0,50.0-50.0,1,1,1.0,0,0.0,0.01,0.0,0.0,0.017328679513998635
466,Lipoprotein_delta,52.0-38.0,52.0-38.0,1,0,0.0,1,1.0,0.0,0.005,0.0,0.017328679513998635
467,Lipoprotein_delta,52.0-54.0,52.0-54.0,1,0,0.0,1,1.0,0.0,0.005,0.0,0.017328679513998635
468,Lipoprotein_delta,52.0-57.0,52.0-57.0,1,1,1.0,0,0.0,0.01,0.0,0.0,0.017328679513998635
469,Lipoprotein_delta,53.0-44.0,53.0-44.0,1,0,0.0,1,1.0,0.0,0.005,0.0,0.017328679513998635
470,Lipoprotein_delta,54.0-51.0,54.0-51.0,1,0,0.0,1,1.0,0.0,0.005,0.0,0.017328679513998635
471,Lipoprotein_delta,54.0-55.0,54.0-55.0,1,1,1.0,0,0.0,0.01,0.0,0.0,0.017328679513998635
472,Lipoprotein_delta,55.0-60.0,55.0-60.0,1,1,1.0,0,0.0,0.01,0.0,0.0,0.017328679513998635
473,Lipoprotein_delta,56.0-38.0,56.0-38.0,1,0,0.0,1,1.0,0.0,0.005,0.0,0.017328679513998635
474,Lipoprotein_delta,56.0-57.0,56.0-57.0,1,0,0.0,1,1.0,0.0,0.005,0.0,0.017328679513998635
475,Lipoprotein_delta,56.0-61.0,56.0-61.0,1,1,1.0,0,0.0,0.01,0.0,0.0,0.017328679513998635
476,Lipoprotein_delta,57.0-45.0,57.0-45.0,1,0,0.0,1,1.0,0.0,0.005,0.0,0.017328679513998635
477,Lipoprotein_delta,57.0-57.0,57.0-57.0,1,1,1.0,0,0.0,0.01,0.0,0.0,0.017328679513998635
478,Lipoprotein_delta,57.0-65.0,57.0-65.0,1,0,0.0,1,1.0,0.0,0.005,0.0,0.017328679513998635
479,Lipoprotein_delta,57.0-67.0,57.0-67.0,2,2,1.0,0,0.0,0.02,0.0,0.0,0.017328679513998635
480,Lipoprotein_delta,58.0-58.0,58.0-58.0,1,0,0.0,1,1.0,0.0,0.005,0.0,0.017328679513998635
481,Lipoprotein_delta,58.0-64.0,58.0-64.0,1,1,1.0,0,0.0,0.01,0.0,0.0,0.017328679513998635
482,Lipoprotein_delta,59.0-44.0,59.0-44.0,1,0,0.0,1,1.0,0.0,0.005,0.0,0.017328679513998635
483,Lipoprotein_delta,59.0-59.0,59.0-59.0,1,0,0.0,1,1.0,0.0,0.005,0.0,0.017328679513998635
484,Lipoprotein_delta,59.0-71.0,59.0-71.0,1,0,0.0,1,1.0,0.0,0.005,0.0,0.017328679513998635
485,Lipoprotein_delta,60.0-39.0,60.0-39.0,1,1,1.0,0,0.0,0.01,0.0,0.0,0.017328679513998635
486,Lipoprotein_delta,60.0-53.0,60.0-53.0,1,1,1.0,0,0.0,0.01,0.0,0.0,0.017328679513998635
487,Lipoprotein_delta,60.0-57.0,60.0-57.0,1,1,1.0,0,0.0,0.01,0.0,0.0,0.017328679513998635
488,Lipoprotein_delta,60.0-71.0,60.0-71.0,1,1,1.0,0,0.0,0.01,0.0,0.0,0.017328679513998635
489,Lipoprotein_delta,60.0-79.0,60.0-79.0,1,1,1.0,0,0.0,0.01,0.0,0.0,0.017328679513998635
490,Lipoprotein_delta,61.0-61.0,61.0-61.0,1,0,0.0,1,1.0,0.0,0.005,0.0,0.017328679513998635
491,Lipoprotein_delta,61.0-64.0,61.0-64.0,1,0,0.0,1,1.0,0.0,0.005,0.0,0.017328679513998635
492,Lipoprotein_delta,61.0-77.0,61.0-77.0,1,1,1.0,0,0.0,0.01,0.0,0.0,0.017328679513998635
493,Lipoprotein_delta,62.0-63.0,62.0-63.0,1,0,0.0,1,1.0,0.0,0.005,0.0,0.017328679513998635
494,Lipoprotein_delta,62.0-66.0,62.0-66.0,1,0,0.0,1,1.0,0.0,0.005,0.0,0.017328679513998635
495,Lipoprotein_delta,62.0-70.0,62.0-70.0,1,0,0.0,1,1.0,0.0,0.005,0.0,0.017328679513998635
496,Lipoprotein_delta,62.0-87.0,62.0-87.0,1,1,1.0,0,0.0,0.01,0.0,0.0,0.017328679513998635
497,Lipoprotein_delta,63.0-40.0,63.0-40.0,1,0,0.0,1,1.0,0.0,0.005,0.0,0.017328679513998635
498,Lipoprotein_delta,63.0-44.0,63.0-44.0,1,0,0.0,1,1.0,0.0,0.005,0.0,0.017328679513998635
499,Lipoprotein_delta,63.0-58.0,63.0-58.0,1,1,1.0,0,0.0,0.01,0.0,0.0,0.017328679513998635
500,Lipoprotein_delta,63.0-74.0,63.0-74.0,1,1,1.0,0,0.0,0.01,0.0,0.0,0.017328679513998635
501,Lipoprotein_delta,63.0-77.0,63.0-77.0,1,1,1.0,0,0.0,0.01,0.0,0.0,0.017328679513998635
502,Lipoprotein_delta,64.0-40.0,64.0-40.0,1,0,0.0,1,1.0,0.0,0.005,0.0,0.017328679513998635
503,Lipoprotein_delta,64.0-44.0,64.0-44.0,1,0,0.0,1,1.0,0.0,0.005,0.0,0.017328679513998635
504,Lipoprotein_delta,64.0-48.0,64.0-48.0,1,0,0.0,1,1.0,0.0,0.005,0.0,0.017328679513998635
505,Lipoprotein_delta,64.0-59.0,64.0-59.0,1,0,0.0,1,1.0,0.0,0.005,0.0,0.017328679513998635
506,Lipoprotein_delta,64.0-63.0,64.0-63.0,1,1,1.0,0,0.0,0.01,0.0,0.0,0.017328679513998635
507,Lipoprotein_delta,64.0-66.0,64.0-66.0,1,0,0.0,1,1.0,0.0,0.005,0.0,0.017328679513998635
508,Lipoprotein_delta,64.0-85.0,64.0-85.0,1,0,0.0,1,1.0,0.0,0.005,0.0,0.017328679513998635
509,Lipoprotein_delta,65.0-36.0,65.0-36.0,1,0,0.0,1,1.0,0.0,0.005,0.0,0.017328679513998635
510,Lipoprotein_delta,65.0-51.0,65.0-51.0,1,0,0.0,1,1.0,0.0,0.005,0.0,0.017328679513998635
511,Lipoprotein_delta,65.0-65.0,65.0-65.0,1,0,0.0,1,1.0,0.0,0.005,0.0,0.017328679513998635
512,Lipoprotein_delta,65.0-69.0,65.0-69.0,1,1,1.0,0,0.0,0.01,0.0,0.0,0.017328679513998635
513,Lipoprotein_delta,65.0-77.0,65.0-77.0,1,1,1.0,0,0.0,0.01,0.0,0.0,0.017328679513998635
514,Lipoprotein_delta,66.0-52.0,66.0-52.0,2,0,0.0,2,1.0,0.0,0.01,0.0,0.017328679513998635
515,Lipoprotein_delta,66.0-59.0,66.0-59.0,1,0,0.0,1,1.0,0.0,0.005,0.0,0.017328679513998635
516,Lipoprotein_delta,66.0-69.0,66.0-69.0,1,0,0.0,1,1.0,0.0,0.005,0.0,0.017328679513998635
517,Lipoprotein_delta,66.0-72.0,66.0-72.0,1,1,1.0,0,0.0,0.01,0.0,0.0,0.017328679513998635
518,Lipoprotein_delta,66.0-79.0,66.0-79.0,1,0,0.0,1,1.0,0.0,0.005,0.0,0.017328679513998635
519,Lipoprotein_delta,67.0-113.0,67.0-113.0,1,1,1.0,0,0.0,0.01,0.0,0.0,0.017328679513998635
520,Lipoprotein_delta,67.0-63.0,67.0-63.0,1,0,0.0,1,1.0,0.0,0.005,0.0,0.017328679513998635
521,Lipoprotein_delta,67.0-74.0,67.0-74.0,1,1,1.0,0,0.0,0.01,0.0,0.0,0.017328679513998635
522,Lipoprotein_delta,67.0-80.0,67.0-80.0,1,1,1.0,0,0.0,0.01,0.0,0.0,0.017328679513998635
523,Lipoprotein_delta,68.0-70.0,68.0-70.0,1,0,0.0,1,1.0,0.0,0.005,0.0,0.017328679513998635
524,Lipoprotein_delta,69.0-49.0,69.0-49.0,1,1,1.0,0,0.0,0.01,0.0,0.0,0.017328679513998635
525,Lipoprotein_delta,69.0-55.0,69.0-55.0,2,0,0.0,2,1.0,0.0,0.01,0.0,0.017328679513998635
526,Lipoprotein_delta,69.0-69.0,69.0-69.0,1,1,1.0,0,0.0,0.01,0.0,0.0,0.017328679513998635
527,Lipoprotein_delta,69.0-71.0,69.0-71.0,1,0,0.0,1,1.0,0.0,0.005,0.0,0.017328679513998635
528,Lipoprotein_delta,69.0-76.0,69.0-76.0,1,1,1.0,0,0.0,0.01,0.0,0.0,0.017328679513998635
529,Lipoprotein_delta,69.0-79.0,69.0-79.0,1,0,0.0,1,1.0,0.0,0.005,0.0,0.017328679513998635
530,Lipoprotein_delta,70.0-65.0,70.0-65.0,1,0,0.0,1,1.0,0.0,0.005,0.0,0.017328679513998635
531,Lipoprotein_delta,70.0-71.0,70.0-71.0,1,0,0.0,1,1.0,0.0,0.005,0.0,0.017328679513998635
532,Lipoprotein_delta,70.0-77.0,70.0-77.0,1,0,0.0,1,1.0,0.0,0.005,0.0,0.017328679513998635
533,Lipoprotein_delta,72.0-79.0,72.0-79.0,1,0,0.0,1,1.0,0.0,0.005,0.0,0.017328679513998635
534,Lipoprotein_delta,73.0-108.0,73.0-108.0,1,1,1.0,0,0.0,0.01,0.0,0.0,0.017328679513998635
535,Lipoprotein_delta,73.0-54.0,73.0-54.0,1,0,0.0,1,1.0,0.0,0.005,0.0,0.017328679513998635
536,Lipoprotein_delta,73.0-55.0,73.0-55.0,1,0,0.0,1,1.0,0.0,0.005,0.0,0.017328679513998635
537,Lipoprotein_delta,73.0-57.0,73.0-57.0,1,0,0.0,1,1.0,0.0,0.005,0.0,0.017328679513998635
538,Lipoprotein_delta,73.0-73.0,73.0-73.0,1,0,0.0,1,1.0,0.0,0.005,0.0,0.017328679513998635
539,Lipoprotein_delta,73.0-91.0,73.0-91.0,1,1,1.0,0,0.0,0.01,0.0,0.0,0.017328679513998635
540,Lipoprotein_delta,74.0-59.0,74.0-59.0,1,0,0.0,1,1.0,0.0,0.005,0.0,0.017328679513998635
541,Lipoprotein_delta,74.0-73.0,74.0-73.0,1,0,0.0,1,1.0,0.0,0.005,0.0,0.017328679513998635
542,Lipoprotein_delta,75.0-76.0,75.0-76.0,1,0,0.0,1,1.0,0.0,0.005,0.0,0.017328679513998635
543,Lipoprotein_delta,76.0-67.0,76.0-67.0,1,0,0.0,1,1.0,0.0,0.005,0.0,0.017328679513998635
544,Lipoprotein_delta,77.0-53.0,77.0-53.0,1,0,0.0,1,1.0,0.0,0.005,0.0,0.017328679513998635
545,Lipoprotein_delta,77.0-56.0,77.0-56.0,1,0,0.0,1,1.0,0.0,0.005,0.0,0.017328679513998635
546,Lipoprotein_delta,77.0-72.0,77.0-72.0,2,1,0.5,1,0.5,0.01,0.005,0.6931471805599453,0.017328679513998635
547,Lipoprotein_delta,77.0-75.0,77.0-75.0,1,1,1.0,0,0.0,0.01,0.0,0.0,0.017328679513998635
548,Lipoprotein_delta,77.0-90.0,77.0-90.0,1,1,1.0,0,0.0,0.01,0.0,0.0,0.017328679513998635
549,Lipoprotein_delta,78.0-104.0,78.0-104.0,1,1,1.0,0,0.0,0.01,0.0,0.0,0.017328679513998635
550,Lipoprotein_delta,78.0-60.0,78.0-60.0,1,0,0.0,1,1.0,0.0,0.005,0.0,0.017328679513998635
551,Lipoprotein_delta,78.0-72.0,78.0-72.0,1,0,0.0,1,1.0,0.0,0.005,0.0,0.017328679513998635
552,Lipoprotein_delta,78.0-78.0,78.0-78.0,1,0,0.0,1,1.0,0.0,0.005,0.0,0.017328679513998635
553,Lipoprotein_delta,78.0-92.0,78.0-92.0,1,0,0.0,1,1.0,0.0,0.005,0.0,0.017328679513998635
554,Lipoprotein_delta,79.0-44.0,79.0-44.0,1,0,0.0,1,1.0,0.0,0.005,0.0,0.017328679513998635
555,Lipoprotein_delta,79.0-62.0,79.0-62.0,1,0,0.0,1,1.0,0.0,0.005,0.0,0.017328679513998635
556,Lipoprotein_delta,79.0-74.0,79.0-74.0,1,1,1.0,0,0.0,0.01,0.0,0.0,0.017328679513998635
557,Lipoprotein_delta,79.0-75.0,79.0-75.0,2,0,0.0,2,1.0,0.0,0.01,0.0,0.017328679513998635
558,Lipoprotein_delta,79.0-77.0,79.0-77.0,2,1,0.5,1,0.5,0.01,0.005,0.6931471805599453,0.017328679513998635
559,Lipoprotein_delta,79.0-93.0,79.0-93.0,1,1,1.0,0,0.0,0.01,0.0,0.0,0.017328679513998635
560,Lipoprotein_delta,80.0-74.0,80.0-74.0,1,0,0.0,1,1.0,0.0,0.005,0.0,0.017328679513998635
561,Lipoprotein_delta,80.0-75.0,80.0-75.0,1,1,1.0,0,0.0,0.01,0.0,0.0,0.017328679513998635
562,Lipoprotein_delta,81.0-70.0,81.0-70.0,1,0,0.0,1,1.0,0.0,0.005,0.0,0.017328679513998635
563,Lipoprotein_delta,81.0-79.0,81.0-79.0,1,1,1.0,0,0.0,0.01,0.0,0.0,0.017328679513998635
564,Lipoprotein_delta,81.0-83.0,81.0-83.0,1,0,0.0,1,1.0,0.0,0.005,0.0,0.017328679513998635
565,Lipoprotein_delta,81.0-86.0,81.0-86.0,2,1,0.5,1,0.5,0.01,0.005,0.6931471805599453,0.017328679513998635
566,Lipoprotein_delta,82.0-78.0,82.0-78.0,2,1,0.5,1,0.5,0.01,0.005,0.6931471805599453,0.017328679513998635
567,Lipoprotein_delta,82.0-86.0,82.0-86.0,1,0,0.0,1,1.0,0.0,0.005,0.0,0.017328679513998635
568,Lipoprotein_delta,82.0-87.0,82.0-87.0,1,1,1.0,0,0.0,0.01,0.0,0.0,0.017328679513998635
569,Lipoprotein_delta,83.0-108.0,83.0-108.0,1,1,1.0,0,0.0,0.01,0.0,0.0,0.017328679513998635
570,Lipoprotein_delta,83.0-110.0,83.0-110.0,1,1,1.0,0,0.0,0.01,0.0,0.0,0.017328679513998635
571,Lipoprotein_delta,83.0-48.0,83.0-48.0,1,0,0.0,1,1.0,0.0,0.005,0.0,0.017328679513998635
572,Lipoprotein_delta,83.0-67.0,83.0-67.0,1,0,0.0,1,1.0,0.0,0.005,0.0,0.017328679513998635
573,Lipoprotein_delta,83.0-72.0,83.0-72.0,1,1,1.0,0,0.0,0.01,0.0,0.0,0.017328679513998635
574,Lipoprotein_delta,83.0-77.0,83.0-77.0,1,0,0.0,1,1.0,0.0,0.005,0.0,0.017328679513998635
575,Lipoprotein_delta,83.0-78.0,83.0-78.0,1,0,0.0,1,1.0,0.0,0.005,0.0,0.017328679513998635
576,Lipoprotein_delta,83.0-82.0,83.0-82.0,2,0,0.0,2,1.0,0.0,0.01,0.0,0.017328679513998635
577,Lipoprotein_delta,84.0-59.0,84.0-59.0,1,0,0.0,1,1.0,0.0,0.005,0.0,0.017328679513998635
578,Lipoprotein_delta,84.0-88.0,84.0-88.0,1,1,1.0,0,0.0,0.01,0.0,0.0,0.017328679513998635
579,Lipoprotein_delta,85.0-43.0,85.0-43.0,1,0,0.0,1,1.0,0.0,0.005,0.0,0.017328679513998635
580,Lipoprotein_delta,85.0-72.0,85.0-72.0,1,0,0.0,1,1.0,0.0,0.005,0.0,0.017328679513998635
581,Lipoprotein_delta,85.0-79.0,85.0-79.0,1,0,0.0,1,1.0,0.0,0.005,0.0,0.017328679513998635
582,Lipoprotein_delta,85.0-83.0,85.0-83.0,1,0,0.0,1,1.0,0.0,0.005,0.0,0.017328679513998635
583,Lipoprotein_delta,85.0-84.0,85.0-84.0,1,0,0.0,1,1.0,0.0,0.005,0.0,0.017328679513998635
584,Lipoprotein_delta,85.0-94.0,85.0-94.0,1,0,0.0,1,1.0,0.0,0.005,0.0,0.017328679513998635
585,Lipoprotein_delta,86.0-104.0,86.0-104.0,1,1,1.0,0,0.0,0.01,0.0,0.0,0.017328679513998635
586,Lipoprotein_delta,86.0-65.0,86.0-65.0,1,0,0.0,1,1.0,0.0,0.005,0.0,0.017328679513998635
587,Lipoprotein_delta,86.0-91.0,86.0-91.0,1,0,0.0,1,1.0,0.0,0.005,0.0,0.017328679513998635
588,Lipoprotein_delta,87.0-108.0,87.0-108.0,1,0,0.0,1,1.0,0.0,0.005,0.0,0.017328679513998635
589,Lipoprotein_delta,87.0-75.0,87.0-75.0,1,0,0.0,1,1.0,0.0,0.005,0.0,0.017328679513998635
590,Lipoprotein_delta,87.0-84.0,87.0-84.0,1,0,0.0,1,1.0,0.0,0.005,0.0,0.017328679513998635
591,Lipoprotein_delta,87.0-86.0,87.0-86.0,1,1,1.0,0,0.0,0.01,0.0,0.0,0.017328679513998635
592,Lipoprotein_delta,87.0-88.0,87.0-88.0,1,0,0.0,1,1.0,0.0,0.005,0.0,0.017328679513998635
593,Lipoprotein_delta,87.0-92.0,87.0-92.0,1,0,0.0,1,1.0,0.0,0.005,0.0,0.017328679513998635
594,Lipoprotein_delta,88.0-100.0,88.0-100.0,1,1,1.0,0,0.0,0.01,0.0,0.0,0.017328679513998635
595,Lipoprotein_delta,88.0-69.0,88.0-69.0,1,0,0.0,1,1.0,0.0,0.005,0.0,0.017328679513998635
596,Lipoprotein_delta,88.0-77.0,88.0-77.0,1,0,0.0,1,1.0,0.0,0.005,0.0,0.017328679513998635
597,Lipoprotein_delta,88.0-93.0,88.0-93.0,2,2,1.0,0,0.0,0.02,0.0,0.0,0.017328679513998635
598,Lipoprotein_delta,89.0-135.0,89.0-135.0,1,1,1.0,0,0.0,0.01,0.0,0.0,0.017328679513998635
599,Lipoprotein_delta,89.0-92.0,89.0-92.0,1,0,0.0,1,1.0,0.0,0.005,0.0,0.017328679513998635
600,Lipoprotein_delta,90.0-103.0,90.0-103.0,1,1,1.0,0,0.0,0.01,0.0,0.0,0.017328679513998635
601,Lipoprotein_delta,90.0-131.0,90.0-131.0,1,1,1.0,0,0.0,0.01,0.0,0.0,0.017328679513998635
602,Lipoprotein_delta,90.0-59.0,90.0-59.0,1,0,0.0,1,1.0,0.0,0.005,0.0,0.017328679513998635
603,Lipoprotein_delta,90.0-69.0,90.0-69.0,1,0,0.0,1,1.0,0.0,0.005,0.0,0.017328679513998635
604,Lipoprotein_delta,90.0-73.0,90.0-73.0,1,0,0.0,1,1.0,0.0,0.005,0.0,0.017328679513998635
605,Lipoprotein_delta,90.0-78.0,90.0-78.0,1,0,0.0,1,1.0,0.0,0.005,0.0,0.017328679513998635
606,Lipoprotein_delta,90.0-86.0,90.0-86.0,1,0,0.0,1,1.0,0.0,0.005,0.0,0.017328679513998635
607,Lipoprotein_delta,90.0-89.0,90.0-89.0,1,0,0.0,1,1.0,0.0,0.005,0.0,0.017328679513998635
608,Lipoprotein_delta,90.0-92.0,90.0-92.0,1,1,1.0,0,0.0,0.01,0.0,0.0,0.017328679513998635
609,Lipoprotein_delta,92.0-101.0,92.0-101.0,1,1,1.0,0,0.0,0.01,0.0,0.0,0.017328679513998635
610,Lipoprotein_delta,92.0-108.0,92.0-108.0,1,0,0.0,1,1.0,0.0,0.005,0.0,0.017328679513998635
611,Lipoprotein_delta,92.0-42.0,92.0-42.0,1,0,0.0,1,1.0,0.0,0.005,0.0,0.017328679513998635
612,Lipoprotein_delta,92.0-76.0,92.0-76.0,1,0,0.0,1,1.0,0.0,0.005,0.0,0.017328679513998635
613,Lipoprotein_delta,92.0-78.0,92.0-78.0,1,0,0.0,1,1.0,0.0,0.005,0.0,0.017328679513998635
614,Lipoprotein_delta,92.0-84.0,92.0-84.0,2,0,0.0,2,1.0,0.0,0.01,0.0,0.017328679513998635
615,Lipoprotein_delta,92.0-88.0,92.0-88.0,1,0,0.0,1,1.0,0.0,0.005,0.0,0.017328679513998635
616,Lipoprotein_delta,92.0-95.0,92.0-95.0,1,1,1.0,0,0.0,0.01,0.0,0.0,0.017328679513998635
617,Lipoprotein_delta,93.0-75.0,93.0-75.0,1,0,0.0,1,1.0,0.0,0.005,0.0,0.017328679513998635
618,Lipoprotein_delta,94.0-65.0,94.0-65.0,1,0,0.0,1,1.0,0.0,0.005,0.0,0.017328679513998635
619,Lipoprotein_delta,94.0-88.0,94.0-88.0,1,0,0.0,1,1.0,0.0,0.005,0.0,0.017328679513998635
620,Lipoprotein_delta,95.0-78.0,95.0-78.0,1,0,0.0,1,1.0,0.0,0.005,0.0,0.017328679513998635
621,Lipoprotein_delta,95.0-80.0,95.0-80.0,1,0,0.0,1,1.0,0.0,0.005,0.0,0.017328679513998635
622,Lipoprotein_delta,95.0-84.0,95.0-84.0,1,0,0.0,1,1.0,0.0,0.005,0.0,0.017328679513998635
623,Lipoprotein_delta,95.0-89.0,95.0-89.0,1,0,0.0,1,1.0,0.0,0.005,0.0,0.017328679513998635
624,Lipoprotein_delta,95.0-96.0,95.0-96.0,1,0,0.0,1,1.0,0.0,0.005,0.0,0.017328679513998635
625,Lipoprotein_delta,95.0-98.0,95.0-98.0,1,0,0.0,1,1.0,0.0,0.005,0.0,0.017328679513998635
626,Lipoprotein_delta,96.0-151.0,96.0-151.0,1,1,1.0,0,0.0,0.01,0.0,0.0,0.017328679513998635
627,Lipoprotein_delta,96.0-38.0,96.0-38.0,1,0,0.0,1,1.0,0.0,0.005,0.0,0.017328679513998635
628,Lipoprotein_delta,96.0-67.0,96.0-67.0,1,0,0.0,1,1.0,0.0,0.005,0.0,0.017328679513998635
629,Lipoprotein_delta,96.0-88.0,96.0-88.0,1,1,1.0,0,0.0,0.01,0.0,0.0,0.017328679513998635
630,Lipoprotein_delta,96.0-92.0,96.0-92.0,1,1,1.0,0,0.0,0.01,0.0,0.0,0.017328679513998635
631,Lipoprotein_delta,97.0-84.0,97.0-84.0,1,0,0.0,1,1.0,0.0,0.005,0.0,0.017328679513998635
632,Lipoprotein_delta,97.0-90.0,97.0-90.0,1,0,0.0,1,1.0,0.0,0.005,0.0,0.017328679513998635
633,Lipoprotein_delta,98.0-84.0,98.0-84.0,1,0,0.0,1,1.0,0.0,0.005,0.0,0.017328679513998635
634,Lipoprotein_delta,98.0-85.0,98.0-85.0,1,1,1.0,0,0.0,0.01,0.0,0.0,0.017328679513998635
635,Lipoprotein_delta,99.0-110.0,99.0-110.0,1,0,0.0,1,1.0,0.0,0.005,0.0,0.017328679513998635
636,Lipoprotein_delta,99.0-90.0,99.0-90.0,1,0,0.0,1,1.0,0.0,0.005,0.0,0.017328679513998635
637,HGB_delta,10.0-11.0,10.0-11.0,2,1,0.5,1,0.5,0.01,0.005,0.6931471805599453,0.5651439527291497
638,HGB_delta,10.0-12.0,10.0-12.0,1,0,0.0,1,1.0,0.0,0.005,0.0,0.5651439527291497
639,HGB_delta,11.0-10.0,11.0-10.0,3,2,0.6666666666666666,1,0.3333333333333333,0.02,0.005,1.3862943611198906,0.5651439527291497
640,HGB_delta,11.0-11.0,11.0-11.0,5,1,0.2,4,0.8,0.01,0.02,-0.6931471805599453,0.5651439527291497
641,HGB_delta,11.0-12.0,11.0-12.0,6,2,0.3333333333333333,4,0.6666666666666666,0.02,0.02,0.0,0.5651439527291497
642,HGB_delta,11.0-13.0,11.0-13.0,1,0,0.0,1,1.0,0.0,0.005,0.0,0.5651439527291497
643,HGB_delta,11.0-14.0,11.0-14.0,1,1,1.0,0,0.0,0.01,0.0,0.0,0.5651439527291497
644,HGB_delta,12.0-10.0,12.0-10.0,4,0,0.0,4,1.0,0.0,0.02,0.0,0.5651439527291497
645,HGB_delta,12.0-11.0,12.0-11.0,5,3,0.6,2,0.4,0.03,0.01,1.0986122886681098,0.5651439527291497
646,HGB_delta,12.0-12.0,12.0-12.0,16,9,0.5625,7,0.4375,0.09,0.035,0.9444616088408513,0.5651439527291497
647,HGB_delta,12.0-13.0,12.0-13.0,5,3,0.6,2,0.4,0.03,0.01,1.0986122886681098,0.5651439527291497
648,HGB_delta,12.0-14.0,12.0-14.0,1,1,1.0,0,0.0,0.01,0.0,0.0,0.5651439527291497
649,HGB_delta,13.0-11.0,13.0-11.0,3,3,1.0,0,0.0,0.03,0.0,0.0,0.5651439527291497
650,HGB_delta,13.0-12.0,13.0-12.0,13,8,0.6153846153846154,5,0.38461538461538464,0.08,0.025,1.1631508098056809,0.5651439527291497
651,HGB_delta,13.0-13.0,13.0-13.0,15,5,0.3333333333333333,10,0.6666666666666666,0.05,0.05,0.0,0.5651439527291497
652,HGB_delta,13.0-14.0,13.0-14.0,10,5,0.5,5,0.5,0.05,0.025,0.6931471805599453,0.5651439527291497
653,HGB_delta,13.0-15.0,13.0-15.0,2,1,0.5,1,0.5,0.01,0.005,0.6931471805599453,0.5651439527291497
654,HGB_delta,13.0-16.0,13.0-16.0,1,0,0.0,1,1.0,0.0,0.005,0.0,0.5651439527291497
655,HGB_delta,13.0-9.0,13.0-9.0,1,1,1.0,0,0.0,0.01,0.0,0.0,0.5651439527291497
656,HGB_delta,14.0-10.0,14.0-10.0,1,1,1.0,0,0.0,0.01,0.0,0.0,0.5651439527291497
657,HGB_delta,14.0-11.0,14.0-11.0,1,0,0.0,1,1.0,0.0,0.005,0.0,0.5651439527291497
658,HGB_delta,14.0-12.0,14.0-12.0,8,3,0.375,5,0.625,0.03,0.025,0.1823215567939546,0.5651439527291497
659,HGB_delta,14.0-13.0,14.0-13.0,19,4,0.21052631578947367,15,0.7894736842105263,0.04,0.075,-0.6286086594223742,0.5651439527291497
660,HGB_delta,14.0-14.0,14.0-14.0,31,12,0.3870967741935484,19,0.6129032258064516,0.12,0.095,0.2336148511815051,0.5651439527291497
661,HGB_delta,14.0-15.0,14.0-15.0,14,3,0.21428571428571427,11,0.7857142857142857,0.03,0.055,-0.6061358035703156,0.5651439527291497
662,HGB_delta,14.0-16.0,14.0-16.0,2,0,0.0,2,1.0,0.0,0.01,0.0,0.5651439527291497
663,HGB_delta,15.0-12.0,15.0-12.0,2,0,0.0,2,1.0,0.0,0.01,0.0,0.5651439527291497
664,HGB_delta,15.0-13.0,15.0-13.0,5,1,0.2,4,0.8,0.01,0.02,-0.6931471805599453,0.5651439527291497
665,HGB_delta,15.0-14.0,15.0-14.0,19,4,0.21052631578947367,15,0.7894736842105263,0.04,0.075,-0.6286086594223742,0.5651439527291497
666,HGB_delta,15.0-15.0,15.0-15.0,32,9,0.28125,23,0.71875,0.09,0.115,-0.2451224580329851,0.5651439527291497
667,HGB_delta,15.0-16.0,15.0-16.0,8,2,0.25,6,0.75,0.02,0.03,-0.4054651081081643,0.5651439527291497
668,HGB_delta,15.0-17.0,15.0-17.0,3,1,0.3333333333333333,2,0.6666666666666666,0.01,0.01,0.0,0.5651439527291497
669,HGB_delta,16.0-12.0,16.0-12.0,1,1,1.0,0,0.0,0.01,0.0,0.0,0.5651439527291497
670,HGB_delta,16.0-13.0,16.0-13.0,2,2,1.0,0,0.0,0.02,0.0,0.0,0.5651439527291497
671,HGB_delta,16.0-14.0,16.0-14.0,5,1,0.2,4,0.8,0.01,0.02,-0.6931471805599453,0.5651439527291497
672,HGB_delta,16.0-15.0,16.0-15.0,10,1,0.1,9,0.9,0.01,0.045,-1.504077396776274,0.5651439527291497
673,HGB_delta,16.0-16.0,16.0-16.0,21,1,0.047619047619047616,20,0.9523809523809523,0.01,0.1,-2.302585092994046,0.5651439527291497
674,HGB_delta,16.0-17.0,16.0-17.0,6,2,0.3333333333333333,4,0.6666666666666666,0.02,0.02,0.0,0.5651439527291497
675,HGB_delta,16.0-18.0,16.0-18.0,2,2,1.0,0,0.0,0.02,0.0,0.0,0.5651439527291497
676,HGB_delta,17.0-15.0,17.0-15.0,3,0,0.0,3,1.0,0.0,0.015,0.0,0.5651439527291497
677,HGB_delta,17.0-16.0,17.0-16.0,4,0,0.0,4,1.0,0.0,0.02,0.0,0.5651439527291497
678,HGB_delta,17.0-17.0,17.0-17.0,2,1,0.5,1,0.5,0.01,0.005,0.6931471805599453,0.5651439527291497
679,HGB_delta,17.0-18.0,17.0-18.0,2,2,1.0,0,0.0,0.02,0.0,0.0,0.5651439527291497
680,HGB_delta,18.0-18.0,18.0-18.0,1,1,1.0,0,0.0,0.01,0.0,0.0,0.5651439527291497
681,HGB_delta,9.0-10.0,9.0-10.0,1,0,0.0,1,1.0,0.0,0.005,0.0,0.5651439527291497
